,Date,gold
4,2014-01-01,727.65911
5,2014-01-02,743.79527
6,2014-01-03,753.41727
7,2014-01-04,753.41727
8,2014-01-05,752.16785
9,2014-01-06,754.09801
10,2014-01-07,749.82164
11,2014-01-08,745.59137
12,2014-01-09,745.66227
13,2014-01-10,757.31377
14,2014-01-11,757.31377
15,2014-01-12,757.06776
16,2014-01-13,765.33327
17,2014-01-14,756.74327
18,2014-01-15,758.47359
19,2014-01-16,759.96905
20,2014-01-17,763.53684
21,2014-01-18,763.53684
22,2014-01-19,765.21967
23,2014-01-20,764.2509
24,2014-01-21,754.64832
25,2014-01-22,746.92597
26,2014-01-23,759.2351
27,2014-01-24,770.67229
28,2014-01-25,770.67229
29,2014-01-26,773.4776
30,2014-01-27,759.07144
31,2014-01-28,756.24338
32,2014-01-29,765.05244
33,2014-01-30,754.56389
34,2014-01-31,757.02094
35,2014-02-01,757.02094
36,2014-02-02,756.71894
37,2014-02-03,772.39631
38,2014-02-04,767.50054
39,2014-02-05,771.4361
40,2014-02-06,770.05579
41,2014-02-07,772.2838
42,2014-02-08,772.2838
43,2014-02-09,772.46202
44,2014-02-10,776.56848
45,2014-02-11,782.547
46,2014-02-12,777.8527
47,2014-02-13,780.85552
48,2014-02-14,787.37348
49,2014-02-15,787.37348
50,2014-02-16,789.57557
51,2014-02-17,794.61383
52,2014-02-18,791.61172
53,2014-02-19,786.73131
54,2014-02-20,792.75575
55,2014-02-21,796.98126
56,2014-02-22,796.98126
57,2014-02-23,796.23956
58,2014-02-24,801.89668
59,2014-02-25,804.30089
60,2014-02-26,798.51443
61,2014-02-27,797.7521
62,2014-02-28,792.23878
63,2014-03-01,792.23878
64,2014-03-02,799.47833
65,2014-03-03,810.32931
66,2014-03-04,801.93038
67,2014-03-05,799.41844
68,2014-03-06,806.25786
69,2014-03-07,801.80981
70,2014-03-08,801.80981
71,2014-03-09,799.9725
72,2014-03-10,805.6973
73,2014-03-11,810.92603
74,2014-03-12,822.16572
75,2014-03-13,826.30433
76,2014-03-14,830.57821
77,2014-03-15,830.57821
78,2014-03-16,833.33383
79,2014-03-17,821.29183
80,2014-03-18,817.21881
81,2014-03-19,803.41622
82,2014-03-20,806.30437
83,2014-03-21,809.64643
84,2014-03-22,809.64643
85,2014-03-23,807.54003
86,2014-03-24,794.82882
87,2014-03-25,792.20701
88,2014-03-26,788.0104
89,2014-03-27,778.58564
90,2014-03-28,778.37536
91,2014-03-29,778.37536
92,2014-03-30,778.81851
93,2014-03-31,770.85971
94,2014-04-01,770.29318
95,2014-04-02,776.25524
96,2014-04-03,775.7176
97,2014-04-04,786.32958
98,2014-04-05,786.32958
99,2014-04-06,784.83875
100,2014-04-07,781.50276
101,2014-04-08,782.1144
102,2014-04-09,781.16282
103,2014-04-10,785.44888
104,2014-04-11,787.99823
105,2014-04-12,787.99823
106,2014-04-13,793.65127
107,2014-04-14,793.28218
108,2014-04-15,778.86484
109,2014-04-16,775.4426
110,2014-04-17,771.19383
111,2014-04-18,771.06755
112,2014-04-19,771.06755
113,2014-04-20,770.57906
114,2014-04-21,767.99636
115,2014-04-22,762.98898
116,2014-04-23,765.30451
117,2014-04-24,769.4564
118,2014-04-25,775.71501
119,2014-04-26,775.71501
120,2014-04-27,775.81142
121,2014-04-28,771.27008
122,2014-04-29,770.10155
123,2014-04-30,766.0633
124,2014-05-01,760.58031
125,2014-05-02,770.17597
126,2014-05-03,770.17597
127,2014-05-04,770.81414
128,2014-05-05,776.71987
129,2014-05-06,770.61069
130,2014-05-07,760.62315
131,2014-05-08,762.1812
132,2014-05-09,764.8993
133,2014-05-10,764.8993
134,2014-05-11,760.10807
135,2014-05-12,768.1342
136,2014-05-13,769.16678
137,2014-05-14,778.60642
138,2014-05-15,772.12623
139,2014-05-16,769.30466
140,2014-05-17,769.30466
141,2014-05-18,767.55783
142,2014-05-19,769.10725
143,2014-05-20,769.02997
144,2014-05-21,765.04441
145,2014-05-22,766.88326
146,2014-05-23,768.07301
147,2014-05-24,768.07301
148,2014-05-25,767.16849
149,2014-05-26,767.04134
150,2014-05-27,751.9488
151,2014-05-28,753.36753
152,2014-05-29,751.16312
153,2014-05-30,745.79847
154,2014-05-31,745.79847
155,2014-06-01,744.83228
156,2014-06-02,743.04975
157,2014-06-03,743.55498
158,2014-06-04,743.32249
159,2014-06-05,745.75243
160,2014-06-06,745.80981
161,2014-06-07,745.80981
162,2014-06-08,745.7616
163,2014-06-09,744.65648
164,2014-06-10,751.83395
165,2014-06-11,750.96933
166,2014-06-12,751.82197
167,2014-06-13,752.53905
168,2014-06-14,752.53905
169,2014-06-15,752.56116
170,2014-06-16,749.24019
171,2014-06-17,749.047
172,2014-06-18,752.23893
173,2014-06-19,774.18332
174,2014-06-20,772.67478
175,2014-06-21,772.67478
176,2014-06-22,771.94621
177,2014-06-23,772.08827
178,2014-06-24,775.84304
179,2014-06-25,776.0231
180,2014-06-26,772.90626
181,2014-06-27,772.49037
182,2014-06-28,772.49037
183,2014-06-29,772.28702
184,2014-06-30,775.49004
185,2014-07-01,773.6535
186,2014-07-02,773.56665
187,2014-07-03,769.59468
188,2014-07-04,769.70997
189,2014-07-05,769.70997
190,2014-07-06,768.42342
191,2014-07-07,769.5116
192,2014-07-08,769.67578
193,2014-07-09,773.87726
194,2014-07-10,780.28875
195,2014-07-11,782.51135
196,2014-07-12,782.51135
197,2014-07-13,782.07592
198,2014-07-14,765.24647
199,2014-07-15,755.12055
200,2014-07-16,757.25
201,2014-07-17,773.31929
202,2014-07-18,767.1823
203,2014-07-19,767.1823
204,2014-07-20,766.82749
205,2014-07-21,768.07473
206,2014-07-22,766.10904
207,2014-07-23,765.81106
208,2014-07-24,761.47291
209,2014-07-25,770.0
210,2014-07-26,770.0
211,2014-07-27,769.90827
212,2014-07-28,767.93438
213,2014-07-29,766.67257
214,2014-07-30,766.82279
215,2014-07-31,759.83146
216,2014-08-01,769.14183
217,2014-08-02,769.14183
218,2014-08-03,768.98279
219,2014-08-04,763.96248
220,2014-08-05,763.17161
221,2014-08-06,775.24276
222,2014-08-07,779.25384
223,2014-08-08,780.81632
224,2014-08-09,780.81632
225,2014-08-10,781.48962
226,2014-08-11,779.05294
227,2014-08-12,778.65758
228,2014-08-13,786.60763
229,2014-08-14,786.68433
230,2014-08-15,781.70571
231,2014-08-16,781.70571
232,2014-08-17,779.22346
233,2014-08-18,776.35075
234,2014-08-19,779.6753
235,2014-08-20,777.60746
236,2014-08-21,770.30518
237,2014-08-22,773.23998
238,2014-08-23,773.23998
239,2014-08-24,771.99923
240,2014-08-25,770.20682
241,2014-08-26,773.91699
242,2014-08-27,774.04357
243,2014-08-28,777.74797
244,2014-08-29,775.57115
245,2014-08-30,775.57115
246,2014-08-31,775.19492
247,2014-09-01,774.58102
248,2014-09-02,769.03585
249,2014-09-03,771.06576
250,2014-09-04,771.12513
251,2014-09-05,777.21288
252,2014-09-06,777.21288
253,2014-09-07,782.14427
254,2014-09-08,780.78528
255,2014-09-09,779.20373
256,2014-09-10,771.18962
257,2014-09-11,763.41679
258,2014-09-12,755.45669
259,2014-09-13,755.45669
260,2014-09-14,754.60975
261,2014-09-15,759.72495
262,2014-09-16,759.82538
263,2014-09-17,749.24545
264,2014-09-18,745.98237
265,2014-09-19,746.39596
266,2014-09-20,746.39596
267,2014-09-21,744.97618
268,2014-09-22,742.25284
269,2014-09-23,745.48965
270,2014-09-24,745.02508
271,2014-09-25,748.6632
272,2014-09-26,749.8106
273,2014-09-27,749.8106
274,2014-09-28,749.6703
275,2014-09-29,748.30617
276,2014-09-30,745.46032
277,2014-10-01,749.35914
278,2014-10-02,752.22066
279,2014-10-03,745.99706
280,2014-10-04,745.99706
281,2014-10-05,743.13232
282,2014-10-06,750.08706
283,2014-10-07,751.94615
284,2014-10-08,755.45997
285,2014-10-09,759.72777
286,2014-10-10,760.96382
287,2014-10-11,760.96382
288,2014-10-12,764.49696
289,2014-10-13,768.87064
290,2014-10-14,774.03096
291,2014-10-15,775.44981
292,2014-10-16,769.85222
293,2014-10-17,769.43414
294,2014-10-18,769.43414
295,2014-10-19,768.64567
296,2014-10-20,771.66763
297,2014-10-21,775.0419
298,2014-10-22,774.14127
299,2014-10-23,768.48416
300,2014-10-24,765.09825
301,2014-10-25,765.09825
302,2014-10-26,763.39341
303,2014-10-27,760.57666
304,2014-10-28,761.63497
305,2014-10-29,757.78065
306,2014-10-30,750.23049
307,2014-10-31,733.2902
308,2014-11-01,733.2902
309,2014-11-02,730.32628
310,2014-11-03,729.30171
311,2014-11-04,730.5366
312,2014-11-05,716.35157
313,2014-11-06,720.08018
314,2014-11-07,742.12214
315,2014-11-08,742.12214
316,2014-11-09,737.09313
317,2014-11-10,729.01117
318,2014-11-11,729.67058
319,2014-11-12,735.07366
320,2014-11-13,739.351
321,2014-11-14,758.61233
322,2014-11-15,758.61233
323,2014-11-16,754.73728
324,2014-11-17,758.65983
325,2014-11-18,764.67916
326,2014-11-19,754.3005
327,2014-11-20,760.3004
328,2014-11-21,767.45917
329,2014-11-22,767.45917
330,2014-11-23,768.21571
331,2014-11-24,762.83646
332,2014-11-25,764.33881
333,2014-11-26,758.62593
334,2014-11-27,756.37842
335,2014-11-28,746.28999
336,2014-11-29,746.28999
337,2014-11-30,737.40644
338,2014-12-01,766.3282
339,2014-12-02,765.57132
340,2014-12-03,770.0492
341,2014-12-04,768.18185
342,2014-12-05,765.36078
343,2014-12-06,765.36078
344,2014-12-07,763.9244
345,2014-12-08,768.74517
346,2014-12-09,783.7918
347,2014-12-10,780.7743
348,2014-12-11,780.49021
349,2014-12-12,777.91032
350,2014-12-13,777.91032
351,2014-12-14,777.48275
352,2014-12-15,766.472
353,2014-12-16,760.8019
354,2014-12-17,764.14155
355,2014-12-18,763.73065
356,2014-12-19,765.26361
357,2014-12-20,765.26361
358,2014-12-21,765.12294
359,2014-12-22,753.62765
360,2014-12-23,759.19823
361,2014-12-24,755.32951
362,2014-12-25,756.51816
363,2014-12-26,768.79963
364,2014-12-27,768.79963
365,2014-12-28,767.57464
366,2014-12-29,761.88266
367,2014-12-30,770.92685
368,2014-12-31,761.64171
369,2015-01-01,761.9202
370,2015-01-02,775.51227
371,2015-01-03,775.51227
372,2015-01-04,774.83522
373,2015-01-05,788.7498
374,2015-01-06,803.91282
375,2015-01-07,802.70566
376,2015-01-08,800.81601
377,2015-01-09,807.13588
378,2015-01-10,807.13588
379,2015-01-11,807.04128
380,2015-01-12,811.49451
381,2015-01-13,813.06452
382,2015-01-14,808.12782
383,2015-01-15,831.24459
384,2015-01-16,845.54794
385,2015-01-17,845.54794
386,2015-01-18,844.6861
387,2015-01-19,845.445
388,2015-01-20,853.25995
389,2015-01-21,853.01226
390,2015-01-22,867.0656
391,2015-01-23,863.4408
392,2015-01-24,863.4408
393,2015-01-25,865.36769
394,2015-01-26,848.57152
395,2015-01-27,851.69505
396,2015-01-28,849.12253
397,2015-01-29,836.41627
398,2015-01-30,852.04579
399,2015-01-31,852.04579
400,2015-02-01,849.08862
401,2015-02-02,848.30849
402,2015-02-03,833.21116
403,2015-02-04,838.26475
404,2015-02-05,826.11449
405,2015-02-06,809.49273
406,2015-02-07,809.49273
407,2015-02-08,812.43438
408,2015-02-09,814.27999
409,2015-02-10,808.45933
410,2015-02-11,800.80561
411,2015-02-12,795.18127
412,2015-02-13,798.81586
413,2015-02-14,798.81586
414,2015-02-15,797.97108
415,2015-02-16,801.9702
416,2015-02-17,787.75118
417,2015-02-18,786.00398
418,2015-02-19,784.06441
419,2015-02-20,780.77845
420,2015-02-21,780.77845
421,2015-02-22,781.42577
422,2015-02-23,778.67303
423,2015-02-24,779.51347
424,2015-02-25,776.45892
425,2015-02-26,785.11906
426,2015-02-27,785.8369
427,2015-02-28,785.8369
428,2015-03-01,787.99797
429,2015-03-02,785.9559
430,2015-03-03,783.96512
431,2015-03-04,787.80245
432,2015-03-05,787.17313
433,2015-03-06,776.30402
434,2015-03-07,776.30402
435,2015-03-08,776.9078
436,2015-03-09,772.16903
437,2015-03-10,772.05224
438,2015-03-11,773.8945
439,2015-03-12,775.12667
440,2015-03-13,785.65107
441,2015-03-14,785.65107
442,2015-03-15,784.21877
443,2015-03-16,780.01019
444,2015-03-17,779.65608
445,2015-03-18,783.34381
446,2015-03-19,794.20224
447,2015-03-20,791.01882
448,2015-03-21,791.01882
449,2015-03-22,794.22157
450,2015-03-23,795.82206
451,2015-03-24,803.51148
452,2015-03-25,803.32932
453,2015-03-26,809.94406
454,2015-03-27,805.93468
455,2015-03-28,805.93468
456,2015-03-29,804.22021
457,2015-03-30,801.23236
458,2015-03-31,797.90617
459,2015-04-01,811.4889
460,2015-04-02,810.70423
461,2015-04-03,806.1154
462,2015-04-04,806.1154
463,2015-04-05,815.44607
464,2015-04-06,816.05709
465,2015-04-07,816.28426
466,2015-04-08,807.92227
467,2015-04-09,811.92035
468,2015-04-10,825.37437
469,2015-04-11,825.37437
470,2015-04-12,824.57782
471,2015-04-13,817.21823
472,2015-04-14,807.29142
473,2015-04-15,811.34258
474,2015-04-16,802.78091
475,2015-04-17,804.86941
476,2015-04-18,804.86941
477,2015-04-19,805.43238
478,2015-04-20,802.80305
479,2015-04-21,806.10584
480,2015-04-22,789.96984
481,2015-04-23,793.09554
482,2015-04-24,776.55649
483,2015-04-25,776.55649
484,2015-04-26,777.04738
485,2015-04-27,789.39505
486,2015-04-28,790.17731
487,2015-04-29,781.37031
488,2015-04-30,771.41759
489,2015-05-01,778.4982
490,2015-05-02,778.4982
491,2015-05-03,777.59887
492,2015-05-04,786.33799
493,2015-05-05,787.24225
494,2015-05-06,782.50956
495,2015-05-07,769.67238
496,2015-05-08,769.18944
497,2015-05-09,769.18944
498,2015-05-10,770.07921
499,2015-05-11,759.77426
500,2015-05-12,761.38913
501,2015-05-13,771.95618
502,2015-05-14,774.38914
503,2015-05-15,778.27053
504,2015-05-16,778.27053
505,2015-05-17,778.65441
506,2015-05-18,782.61578
507,2015-05-19,779.36114
508,2015-05-20,778.75915
509,2015-05-21,770.40476
510,2015-05-22,778.70025
511,2015-05-23,778.70025
512,2015-05-24,777.90439
513,2015-05-25,780.06184
514,2015-05-26,771.59024
515,2015-05-27,773.99183
516,2015-05-28,775.79691
517,2015-05-29,778.52439
518,2015-05-30,778.52439
519,2015-05-31,780.79212
520,2015-06-01,782.11407
521,2015-06-02,777.82884
522,2015-06-03,773.22221
523,2015-06-04,766.32681
524,2015-06-05,767.16108
525,2015-06-06,767.16108
526,2015-06-07,766.71241
527,2015-06-08,764.67483
528,2015-06-09,765.3113
529,2015-06-10,764.86386
530,2015-06-11,762.1154
531,2015-06-12,759.44176
532,2015-06-13,759.44176
533,2015-06-14,762.0565
534,2015-06-15,760.18039
535,2015-06-16,755.4719
536,2015-06-17,748.45078
537,2015-06-18,756.72093
538,2015-06-19,755.68602
539,2015-06-20,755.68602
540,2015-06-21,755.09304
541,2015-06-22,749.59714
542,2015-06-23,749.0766
543,2015-06-24,748.29856
544,2015-06-25,745.50996
545,2015-06-26,746.4477
546,2015-06-27,746.4477
547,2015-06-28,754.61369
548,2015-06-29,750.38062
549,2015-06-30,747.93498
550,2015-07-01,748.69149
551,2015-07-02,747.0866
552,2015-07-03,750.71934
553,2015-07-04,750.71934
554,2015-07-05,754.64412
555,2015-07-06,749.55701
556,2015-07-07,746.93239
557,2015-07-08,753.56935
558,2015-07-09,753.4439
559,2015-07-10,750.03545
560,2015-07-11,750.03545
561,2015-07-12,750.27014
562,2015-07-13,747.33916
563,2015-07-14,739.44675
564,2015-07-15,734.80207
565,2015-07-16,733.93902
566,2015-07-17,726.83898
567,2015-07-18,726.83898
568,2015-07-19,725.33648
569,2015-07-20,705.17981
570,2015-07-21,709.01693
571,2015-07-22,701.2839
572,2015-07-23,703.27595
573,2015-07-24,708.68848
574,2015-07-25,708.68848
575,2015-07-26,706.33673
576,2015-07-27,703.22979
577,2015-07-28,701.59697
578,2015-07-29,703.03019
579,2015-07-30,697.85499
580,2015-07-31,701.27775
581,2015-08-01,701.27775
582,2015-08-02,700.54355
583,2015-08-03,696.24699
584,2015-08-04,698.57993
585,2015-08-05,695.80225
586,2015-08-06,702.62752
587,2015-08-07,706.22237
588,2015-08-08,706.22237
589,2015-08-09,705.03753
590,2015-08-10,708.54278
591,2015-08-11,711.69922
592,2015-08-12,720.12115
593,2015-08-13,714.26329
594,2015-08-14,712.83274
595,2015-08-15,712.83274
596,2015-08-16,712.23081
597,2015-08-17,716.96848
598,2015-08-18,713.79442
599,2015-08-19,722.64759
600,2015-08-20,736.12421
601,2015-08-21,739.83305
602,2015-08-22,739.83305
603,2015-08-23,741.77239
604,2015-08-24,731.13263
605,2015-08-25,728.50112
606,2015-08-26,726.00279
607,2015-08-27,730.79207
608,2015-08-28,736.76944
609,2015-08-29,736.76944
610,2015-08-30,734.90259
611,2015-08-31,739.71416
612,2015-09-01,744.89059
613,2015-09-02,740.19624
614,2015-09-03,737.52212
615,2015-09-04,739.24033
616,2015-09-05,739.24033
617,2015-09-06,739.14804
618,2015-09-07,733.41713
619,2015-09-08,729.06809
620,2015-09-09,721.00959
621,2015-09-10,720.38065
622,2015-09-11,718.06564
623,2015-09-12,718.06564
624,2015-09-13,716.45319
625,2015-09-14,718.62336
626,2015-09-15,720.54089
627,2015-09-16,722.57459
628,2015-09-17,727.04974
629,2015-09-18,733.46045
630,2015-09-19,733.46045
631,2015-09-20,733.10763
632,2015-09-21,730.38691
633,2015-09-22,732.96441
634,2015-09-23,741.70965
635,2015-09-24,755.41208
636,2015-09-25,755.12167
637,2015-09-26,755.12167
638,2015-09-27,754.39664
639,2015-09-28,746.56845
640,2015-09-29,743.07015
641,2015-09-30,737.46748
642,2015-10-01,736.02453
643,2015-10-02,749.8057
644,2015-10-03,749.8057
645,2015-10-04,748.97594
646,2015-10-05,750.26738
647,2015-10-06,752.70017
648,2015-10-07,748.25752
649,2015-10-08,742.65388
650,2015-10-09,754.55625
651,2015-10-10,754.55625
652,2015-10-11,754.28885
653,2015-10-12,758.50157
654,2015-10-13,766.19137
655,2015-10-14,765.35426
656,2015-10-15,763.86457
657,2015-10-16,762.27427
658,2015-10-17,762.27427
659,2015-10-18,761.8642
660,2015-10-19,756.73771
661,2015-10-20,761.66135
662,2015-10-21,755.43922
663,2015-10-22,757.86153
664,2015-10-23,760.26512
665,2015-10-24,760.26512
666,2015-10-25,760.26263
667,2015-10-26,758.17755
668,2015-10-27,761.8309
669,2015-10-28,759.02064
670,2015-10-29,748.91731
671,2015-10-30,740.2879
672,2015-10-31,740.2879
673,2015-11-01,738.93894
674,2015-11-02,734.86671
675,2015-11-03,726.58966
676,2015-11-04,721.30029
677,2015-11-05,726.79846
678,2015-11-06,723.57527
679,2015-11-07,723.57527
680,2015-11-08,724.1739
681,2015-11-09,722.91009
682,2015-11-10,720.28753
683,2015-11-11,713.98306
684,2015-11-12,711.775
685,2015-11-13,711.35381
686,2015-11-14,711.35381
687,2015-11-15,715.82662
688,2015-11-16,712.78296
689,2015-11-17,702.87055
690,2015-11-18,703.4061
691,2015-11-19,707.86895
692,2015-11-20,709.5636
693,2015-11-21,709.5636
694,2015-11-22,708.40534
695,2015-11-23,707.80195
696,2015-11-24,713.20001
697,2015-11-25,708.09776
698,2015-11-26,709.84574
699,2015-11-27,703.38391
700,2015-11-28,703.38391
701,2015-11-29,703.25691
702,2015-11-30,706.99395
703,2015-12-01,709.68619
704,2015-12-02,705.27098
705,2015-12-03,702.71645
706,2015-12-04,718.8079
707,2015-12-05,718.8079
708,2015-12-06,717.01298
709,2015-12-07,711.9054
710,2015-12-08,716.8526
711,2015-12-09,706.57874
712,2015-12-10,707.05298
713,2015-12-11,706.20628
714,2015-12-12,706.20628
715,2015-12-13,705.71706
716,2015-12-14,700.3292
717,2015-12-15,705.54765
718,2015-12-16,714.37348
719,2015-12-17,705.404
720,2015-12-18,715.96682
721,2015-12-19,715.96682
722,2015-12-20,714.67955
723,2015-12-21,723.45626
724,2015-12-22,724.42969
725,2015-12-23,720.63426
726,2015-12-24,721.67491
727,2015-12-25,721.67491
728,2015-12-26,721.67491
729,2015-12-27,721.0411
730,2015-12-28,717.39583
731,2015-12-29,721.37414
732,2015-12-30,716.70603
733,2015-12-31,720.12759
734,2016-01-01,720.12759
735,2016-01-02,720.12759
736,2016-01-03,721.62524
737,2016-01-04,729.2978
738,2016-01-05,734.41413
739,2016-01-06,747.03572
740,2016-01-07,758.7136
741,2016-01-08,760.2349
742,2016-01-09,760.2349
743,2016-01-10,762.03459
744,2016-01-11,753.68467
745,2016-01-12,752.69469
746,2016-01-13,760.01152
747,2016-01-14,746.63575
748,2016-01-15,763.60161
749,2016-01-16,763.60161
750,2016-01-17,764.07604
751,2016-01-18,763.94497
752,2016-01-19,767.3683
753,2016-01-20,774.25194
754,2016-01-21,773.82676
755,2016-01-22,769.49877
756,2016-01-23,769.49877
757,2016-01-24,770.30606
758,2016-01-25,778.54086
759,2016-01-26,780.63185
760,2016-01-27,789.77741
761,2016-01-28,776.10475
762,2016-01-29,785.10998
763,2016-01-30,785.10998
764,2016-01-31,784.77582
765,2016-02-01,782.39454
766,2016-02-02,782.65819
767,2016-02-03,783.0676
768,2016-02-04,792.63454
769,2016-02-05,809.37735
770,2016-02-06,809.37735
771,2016-02-07,803.04367
772,2016-02-08,825.23841
773,2016-02-09,822.34208
774,2016-02-10,825.4283
775,2016-02-11,856.24648
776,2016-02-12,853.67721
777,2016-02-13,853.67721
778,2016-02-14,849.88205
779,2016-02-15,835.88858
780,2016-02-16,840.90877
781,2016-02-17,845.16841
782,2016-02-18,858.85206
783,2016-02-19,851.21196
784,2016-02-20,851.21196
785,2016-02-21,859.33381
786,2016-02-22,854.68122
787,2016-02-23,878.51148
788,2016-02-24,879.39495
789,2016-02-25,883.23483
790,2016-02-26,881.8869
791,2016-02-27,881.8869
792,2016-02-28,881.19869
793,2016-02-29,890.69271
794,2016-03-01,882.73787
795,2016-03-02,881.49871
796,2016-03-03,889.21152
797,2016-03-04,885.08389
798,2016-03-05,885.08389
799,2016-03-06,889.4018
800,2016-03-07,889.11251
801,2016-03-08,889.31713
802,2016-03-09,882.59682
803,2016-03-10,889.89197
804,2016-03-11,869.8785
805,2016-03-12,869.8785
806,2016-03-13,871.73469
807,2016-03-14,865.69051
808,2016-03-15,871.02414
809,2016-03-16,883.54124
810,2016-03-17,869.84051
811,2016-03-18,867.08107
812,2016-03-19,867.08107
813,2016-03-20,866.4991
814,2016-03-21,865.66733
815,2016-03-22,877.65942
816,2016-03-23,865.81905
817,2016-03-24,860.95487
818,2016-03-25,860.81174
819,2016-03-26,860.81174
820,2016-03-27,859.04198
821,2016-03-28,856.6664
822,2016-03-29,861.77005
823,2016-03-30,852.49768
824,2016-03-31,857.32778
825,2016-04-01,859.16587
826,2016-04-02,859.16587
827,2016-04-03,857.2765
828,2016-04-04,852.74063
829,2016-04-05,868.66364
830,2016-04-06,865.85664
831,2016-04-07,882.63756
832,2016-04-08,877.66481
833,2016-04-09,877.66481
834,2016-04-10,881.4608
835,2016-04-11,884.31628
836,2016-04-12,880.54481
837,2016-04-13,874.07645
838,2016-04-14,868.07028
839,2016-04-15,869.07843
840,2016-04-16,869.07843
841,2016-04-17,873.61893
842,2016-04-18,863.00247
843,2016-04-19,868.96799
844,2016-04-20,868.0541
845,2016-04-21,872.9304
846,2016-04-22,855.60029
847,2016-04-23,855.60029
848,2016-04-24,852.11811
849,2016-04-25,854.45839
850,2016-04-26,852.33808
851,2016-04-27,856.42563
852,2016-04-28,866.68036
853,2016-04-29,885.31504
854,2016-04-30,885.31504
855,2016-05-01,885.54483
856,2016-05-02,880.80141
857,2016-05-03,883.55529
858,2016-05-04,883.87306
859,2016-05-05,881.58213
860,2016-05-06,893.02271
861,2016-05-07,893.02271
862,2016-05-08,891.98396
863,2016-05-09,877.54925
864,2016-05-10,876.85726
865,2016-05-11,885.43438
866,2016-05-12,875.74014
867,2016-05-13,886.4225
868,2016-05-14,886.4225
869,2016-05-15,886.75965
870,2016-05-16,884.80475
871,2016-05-17,885.85223
872,2016-05-18,863.34264
873,2016-05-19,860.36966
874,2016-05-20,863.57806
875,2016-05-21,863.57806
876,2016-05-22,863.55187
877,2016-05-23,863.04458
878,2016-05-24,839.70069
879,2016-05-25,831.98639
880,2016-05-26,831.87355
881,2016-05-27,828.58646
882,2016-05-28,828.58646
883,2016-05-29,827.34438
884,2016-05-30,826.88272
885,2016-05-31,838.64324
886,2016-06-01,841.86282
887,2016-06-02,838.29953
888,2016-06-03,857.11974
889,2016-06-04,857.11974
890,2016-06-05,861.08202
891,2016-06-06,861.50616
892,2016-06-07,855.89053
893,2016-06-08,869.89671
894,2016-06-09,877.38233
895,2016-06-10,893.25021
896,2016-06-11,893.25021
897,2016-06-12,897.43833
898,2016-06-13,904.05387
899,2016-06-14,911.27663
900,2016-06-15,910.05142
901,2016-06-16,902.05012
902,2016-06-17,904.34943
903,2016-06-18,904.34943
904,2016-06-19,890.43951
905,2016-06-20,878.2588
906,2016-06-21,865.22068
907,2016-06-22,853.43747
908,2016-06-23,845.91736
909,2016-06-24,961.59581
910,2016-06-25,961.59581
911,2016-06-26,987.94796
912,2016-06-27,1001.81124
913,2016-06-28,983.08505
914,2016-06-29,978.21488
915,2016-06-30,994.01288
916,2016-07-01,1010.68034
917,2016-07-02,1010.68034
918,2016-07-03,1010.11017
919,2016-07-04,1016.42554
920,2016-07-05,1046.25654
921,2016-07-06,1059.85162
922,2016-07-07,1056.4528
923,2016-07-08,1054.92296
924,2016-07-09,1054.92296
925,2016-07-10,1060.94272
926,2016-07-11,1041.75341
927,2016-07-12,1006.42481
928,2016-07-13,1025.89749
929,2016-07-14,1000.16491
930,2016-07-15,1014.52304
931,2016-07-16,1014.52304
932,2016-07-17,1005.45837
933,2016-07-18,1000.36542
934,2016-07-19,1016.14632
935,2016-07-20,993.71725
936,2016-07-21,1007.41967
937,2016-07-22,1008.66584
938,2016-07-23,1008.66584
939,2016-07-24,1005.77859
940,2016-07-25,1005.09416
941,2016-07-26,1004.15457
942,2016-07-27,1013.09593
943,2016-07-28,1014.74498
944,2016-07-29,1021.06934
945,2016-07-30,1021.06934
946,2016-07-31,1020.97066
947,2016-08-01,1027.00427
948,2016-08-02,1021.11066
949,2016-08-03,1018.49365
950,2016-08-04,1037.97217
951,2016-08-05,1021.7575
952,2016-08-06,1021.7575
953,2016-08-07,1019.49582
954,2016-08-08,1023.85244
955,2016-08-09,1031.27511
956,2016-08-10,1034.3432
957,2016-08-11,1033.28368
958,2016-08-12,1033.82097
959,2016-08-13,1033.82097
960,2016-08-14,1036.57393
961,2016-08-15,1040.24359
962,2016-08-16,1032.52787
963,2016-08-17,1035.92401
964,2016-08-18,1027.12909
965,2016-08-19,1025.80095
966,2016-08-20,1025.80095
967,2016-08-21,1023.33428
968,2016-08-22,1018.9358
969,2016-08-23,1014.02538
970,2016-08-24,1001.84759
971,2016-08-25,1002.13029
972,2016-08-26,1005.72486
973,2016-08-27,1005.72486
974,2016-08-28,1005.26272
975,2016-08-29,1009.59503
976,2016-08-30,1002.9963
977,2016-08-31,996.16963
978,2016-09-01,990.39632
979,2016-09-02,996.49957
980,2016-09-03,996.49957
981,2016-09-04,996.29156
982,2016-09-05,997.30843
983,2016-09-06,1004.23833
984,2016-09-07,1008.23584
985,2016-09-08,1006.16906
986,2016-09-09,1001.03275
987,2016-09-10,1001.03275
988,2016-09-11,1001.71221
989,2016-09-12,996.00693
990,2016-09-13,1000.57233
991,2016-09-14,998.35858
992,2016-09-15,993.74427
993,2016-09-16,1007.69062
994,2016-09-17,1007.69062
995,2016-09-18,1008.06164
996,2016-09-19,1007.37497
997,2016-09-20,1012.82486
998,2016-09-21,1022.69807
999,2016-09-22,1022.43664
1000,2016-09-23,1031.6598
1001,2016-09-24,1031.6598
1002,2016-09-25,1031.87355
1003,2016-09-26,1031.73496
1004,2016-09-27,1019.6104
1005,2016-09-28,1015.97671
1006,2016-09-29,1019.28866
1007,2016-09-30,1013.95503
1008,2016-10-01,1013.95503
1009,2016-10-02,1017.32889
1010,2016-10-03,1021.80147
1011,2016-10-04,995.83816
1012,2016-10-05,994.72233
1013,2016-10-06,995.48519
1014,2016-10-07,1011.5798
1015,2016-10-08,1011.5798
1016,2016-10-09,1011.96235
1017,2016-10-10,1019.01025
1018,2016-10-11,1024.56874
1019,2016-10-12,1029.46192
1020,2016-10-13,1027.35905
1021,2016-10-14,1026.42998
1022,2016-10-15,1026.42998
1023,2016-10-16,1029.41406
1024,2016-10-17,1030.14665
1025,2016-10-18,1026.53576
1026,2016-10-19,1033.80377
1027,2016-10-20,1033.26057
1028,2016-10-21,1034.77263
1029,2016-10-22,1034.77263
1030,2016-10-23,1036.23292
1031,2016-10-24,1034.57854
1032,2016-10-25,1046.20557
1033,2016-10-26,1034.72895
1034,2016-10-27,1043.43124
1035,2016-10-28,1047.00571
1036,2016-10-29,1047.00571
1037,2016-10-30,1047.79421
1038,2016-10-31,1043.0554
1039,2016-11-01,1052.34169
1040,2016-11-02,1055.5034
1041,2016-11-03,1044.64501
1042,2016-11-04,1042.03573
1043,2016-11-05,1042.03573
1044,2016-11-06,1032.53758
1045,2016-11-07,1034.47289
1046,2016-11-08,1028.18283
1047,2016-11-09,1027.77028
1048,2016-11-10,1004.81639
1049,2016-11-11,974.92087
1050,2016-11-12,974.92087
1051,2016-11-13,977.81957
1052,2016-11-14,977.73295
1053,2016-11-15,985.23501
1054,2016-11-16,986.35269
1055,2016-11-17,978.93651
1056,2016-11-18,978.64498
1057,2016-11-19,978.64498
1058,2016-11-20,978.95604
1059,2016-11-21,973.56255
1060,2016-11-22,976.34151
1061,2016-11-23,957.40375
1062,2016-11-24,952.72992
1063,2016-11-25,949.19649
1064,2016-11-26,949.19649
1065,2016-11-27,950.95372
1066,2016-11-28,962.77134
1067,2016-11-29,951.96903
1068,2016-11-30,936.97931
1069,2016-12-01,932.1799
1070,2016-12-02,924.69655
1071,2016-12-03,924.69655
1072,2016-12-04,931.65601
1073,2016-12-05,919.72607
1074,2016-12-06,923.04657
1075,2016-12-07,930.52316
1076,2016-12-08,930.36996
1077,2016-12-09,922.96184
1078,2016-12-10,922.96184
1079,2016-12-11,920.02017
1080,2016-12-12,917.61634
1081,2016-12-13,915.2272
1082,2016-12-14,911.71063
1083,2016-12-15,908.22328
1084,2016-12-16,908.19973
1085,2016-12-17,908.19973
1086,2016-12-18,909.53164
1087,2016-12-19,919.10928
1088,2016-12-20,915.64492
1089,2016-12-21,915.6153
1090,2016-12-22,918.99846
1091,2016-12-23,922.77524
1092,2016-12-24,922.77524
1093,2016-12-25,921.77666
1094,2016-12-26,923.39684
1095,2016-12-27,928.34942
1096,2016-12-28,934.85411
1097,2016-12-29,944.75383
1098,2016-12-30,931.49509
1099,2016-12-31,931.49509
1100,2017-01-01,931.49509
1101,2017-01-02,936.65263
1102,2017-01-03,945.14954
1103,2017-01-04,946.08585
1104,2017-01-05,950.73039
1105,2017-01-06,954.80688
1106,2017-01-07,954.80688
1107,2017-01-08,957.80508
1108,2017-01-09,971.71288
1109,2017-01-10,974.40478
1110,2017-01-11,977.5499
1111,2017-01-12,983.32162
1112,2017-01-13,982.52062
1113,2017-01-14,982.52062
1114,2017-01-15,999.80893
1115,2017-01-16,999.38954
1116,2017-01-17,980.98875
1117,2017-01-18,981.21187
1118,2017-01-19,975.5718
1119,2017-01-20,978.10452
1120,2017-01-21,978.10452
1121,2017-01-22,981.36613
1122,2017-01-23,972.78066
1123,2017-01-24,965.02637
1124,2017-01-25,950.56828
1125,2017-01-26,943.50296
1126,2017-01-27,949.34611
1127,2017-01-28,949.34611
1128,2017-01-29,948.07396
1129,2017-01-30,957.39175
1130,2017-01-31,962.58263
1131,2017-02-01,955.6873
1132,2017-02-02,970.45702
1133,2017-02-03,977.3186
1134,2017-02-04,977.3186
1135,2017-02-05,978.17066
1136,2017-02-06,989.36499
1137,2017-02-07,985.9794
1138,2017-02-08,990.09083
1139,2017-02-09,981.59436
1140,2017-02-10,987.84829
1141,2017-02-11,987.84829
1142,2017-02-12,985.74633
1143,2017-02-13,979.28978
1144,2017-02-14,985.2118
1145,2017-02-15,989.07904
1146,2017-02-16,991.93865
1147,2017-02-17,994.54987
1148,2017-02-18,994.54987
1149,2017-02-19,994.77381
1150,2017-02-20,991.87816
1151,2017-02-21,989.09283
1152,2017-02-22,993.28676
1153,2017-02-23,995.10544
1154,2017-02-24,1009.25216
1155,2017-02-25,1009.25216
1156,2017-02-26,1012.90726
1157,2017-02-27,1007.73019
1158,2017-02-28,1006.73803
1159,2017-03-01,1016.44996
1160,2017-03-02,1006.42817
1161,2017-03-03,1004.30658
1162,2017-03-04,1004.30658
1163,2017-03-05,1005.53672
1164,2017-03-06,1001.69543
1165,2017-03-07,996.6649
1166,2017-03-08,992.74681
1167,2017-03-09,987.11094
1168,2017-03-09,987.03232
1169,2017-03-10,990.14898
1170,2017-03-11,990.14898
1171,2017-03-12,991.04395
1172,2017-03-13,985.08031
1173,2017-03-14,987.16989
1174,2017-03-14,987.41466
1175,2017-03-15,993.92637
1176,2017-03-16,993.04465
1177,2017-03-17,991.6388
1178,2017-03-18,991.6388
1179,2017-03-19,994.47255
1180,2017-03-20,998.43116
1181,2017-03-21,998.39759
1182,2017-03-22,999.23036
1183,2017-03-22,999.15808
1184,2017-03-23,995.30224
1185,2017-03-24,997.04147
1186,2017-03-25,997.04147
1187,2017-03-26,1001.03072
1188,2017-03-27,998.46341
1189,2017-03-28,1004.40728
1190,2017-03-29,1007.38758
1191,2017-03-29,1007.29842
1192,2017-03-30,996.71001
1193,2017-03-31,995.56092
1194,2017-04-01,995.56092
1195,2017-04-02,995.64954
1196,2017-04-02,995.63802
1197,2017-04-03,1004.89762
1198,2017-04-04,1009.54774
1199,2017-04-05,1006.12288
1200,2017-04-06,1004.17551
1201,2017-04-07,1013.56532
1202,2017-04-08,1013.56532
1203,2017-04-09,1013.98695
1204,2017-04-10,1011.21506
1205,2017-04-11,1020.84109
1206,2017-04-12,1026.13886
1207,2017-04-13,1029.50677
1208,2017-04-14,1028.16682
1209,2017-04-15,1028.16682
1210,2017-04-16,1032.45616
1211,2017-04-17,1022.56621
1212,2017-04-18,1003.69462
1213,2017-04-19,999.95699
1214,2017-04-20,1000.56226
1215,2017-04-21,1002.72789
1216,2017-04-22,1002.72789
1217,2017-04-23,990.63389
1218,2017-04-24,998.07596
1219,2017-04-25,984.57595
1220,2017-04-26,986.85173
1221,2017-04-27,980.15673
1222,2017-04-28,979.31708
1223,2017-04-29,979.31708
1224,2017-04-30,983.02908
1225,2017-05-01,974.35639
1226,2017-05-02,971.10729
1227,2017-05-03,962.13263
1228,2017-05-04,950.54501
1229,2017-05-05,945.79698
1230,2017-05-06,945.79698
1231,2017-05-07,946.65566
1232,2017-05-08,948.18312
1233,2017-05-09,945.17919
1234,2017-05-10,942.77516
1235,2017-05-11,950.59583
1236,2017-05-12,953.08167
1237,2017-05-13,953.08167
1238,2017-05-14,953.98602
1239,2017-05-15,954.40117
1240,2017-05-16,958.60609
1241,2017-05-17,972.70207
1242,2017-05-18,963.44568
1243,2017-05-19,963.15531
1244,2017-05-20,963.15531
1245,2017-05-21,965.79933
1246,2017-05-22,970.62365
1247,2017-05-23,966.01279
1248,2017-05-24,969.64019
1249,2017-05-25,971.14615
1250,2017-05-26,989.92602
1251,2017-05-27,989.92602
1252,2017-05-28,989.24001
1253,2017-05-29,988.12425
1254,2017-05-30,985.20479
1255,2017-05-31,986.08073
1256,2017-06-01,982.44926
1257,2017-06-02,991.65956
1258,2017-06-03,991.65956
1259,2017-06-04,994.83363
1260,2017-06-05,991.84869
1261,2017-06-06,1002.70005
1262,2017-06-07,993.3553
1263,2017-06-08,998.20335
1264,2017-06-09,994.61804
1265,2017-06-10,994.61804
1266,2017-06-11,994.51746
1267,2017-06-12,998.97769
1268,2017-06-13,993.66989
1269,2017-06-14,990.11081
1270,2017-06-15,983.92933
1271,2017-06-16,980.78375
1272,2017-06-17,980.78375
1273,2017-06-18,982.38342
1274,2017-06-19,976.59412
1275,2017-06-20,985.89921
1276,2017-06-21,986.13703
1277,2017-06-22,987.66941
1278,2017-06-23,988.22905
1279,2017-06-24,988.22905
1280,2017-06-25,987.12731
1281,2017-06-26,977.00417
1282,2017-06-27,973.94042
1283,2017-06-28,966.90221
1284,2017-06-29,958.29634
1285,2017-06-30,953.28179
1286,2017-07-01,953.28179
1287,2017-07-02,953.91505
1288,2017-07-03,944.49209
1289,2017-07-04,947.69005
1290,2017-07-05,948.88406
1291,2017-07-06,944.58238
1292,2017-07-07,940.48178
1293,2017-07-08,940.48178
1294,2017-07-09,941.31705
1295,2017-07-10,942.97927
1296,2017-07-11,946.96345
1297,2017-07-12,945.80432
1298,2017-07-13,941.11692
1299,2017-07-14,938.30926
1300,2017-07-15,938.30926
1301,2017-07-16,938.54463
1302,2017-07-17,945.6391
1303,2017-07-18,953.13309
1304,2017-07-19,953.24484
1305,2017-07-20,959.91979
1306,2017-07-21,965.52998
1307,2017-07-22,965.52998
1308,2017-07-23,964.52087
1309,2017-07-24,963.67483
1310,2017-07-25,958.94059
1311,2017-07-26,961.71176
1312,2017-07-27,963.34037
1313,2017-07-28,966.21737
1314,2017-07-29,966.21737
1315,2017-07-30,965.94829
1316,2017-07-31,961.65676
1317,2017-08-01,960.88529
1318,2017-08-02,956.52601
1319,2017-08-03,965.42658
1320,2017-08-04,965.35792
1321,2017-08-05,965.35792
1322,2017-08-06,964.17607
1323,2017-08-07,964.81813
1324,2017-08-08,971.4388
1325,2017-08-09,981.40598
1326,2017-08-10,991.69171
1327,2017-08-11,991.72795
1328,2017-08-12,991.72795
1329,2017-08-13,990.52187
1330,2017-08-14,988.25726
1331,2017-08-15,988.49364
1332,2017-08-16,995.86591
1333,2017-08-17,1001.26632
1334,2017-08-18,997.84069
1335,2017-08-19,997.84069
1336,2017-08-20,996.63245
1337,2017-08-21,1000.86077
1338,2017-08-22,1001.34138
1339,2017-08-23,1008.09122
1340,2017-08-24,1004.38177
1341,2017-08-25,1002.50739
1342,2017-08-26,1002.50739
1343,2017-08-27,1001.69302
1344,2017-08-28,1019.95731
1345,2017-08-29,1014.54533
1346,2017-08-30,1012.59064
1347,2017-08-31,1020.45768
1348,2017-09-01,1022.77377
1349,2017-09-02,1022.77377
1350,2017-09-03,1030.06411
1351,2017-09-04,1031.5347
1352,2017-09-05,1028.76269
1353,2017-09-06,1022.32305
1354,2017-09-07,1028.987
1355,2017-09-08,1020.29018
1356,2017-09-09,1020.29018
1357,2017-09-10,1012.11395
1358,2017-09-11,1008.61052
1359,2017-09-12,1001.9293
1360,2017-09-13,1001.25617
1361,2017-09-14,995.14157
1362,2017-09-15,971.33713
1363,2017-09-16,971.33713
1364,2017-09-17,969.91114
1365,2017-09-18,967.9791
1366,2017-09-19,970.15113
1367,2017-09-20,963.51068
1368,2017-09-21,951.72917
1369,2017-09-22,960.7228
1370,2017-09-23,960.7228
1371,2017-09-24,957.78058
1372,2017-09-25,970.44097
1373,2017-09-26,962.0995
1374,2017-09-27,958.30876
1375,2017-09-28,958.2344
1376,2017-09-29,955.04058
1377,2017-09-30,955.04058
1378,2017-10-01,954.05229
1379,2017-10-02,957.95639
1380,2017-10-03,961.1766
1381,2017-10-04,962.6749
1382,2017-10-05,967.60468
1383,2017-10-06,976.99491
1384,2017-10-07,976.99491
1385,2017-10-08,975.89855
1386,2017-10-09,977.4467
1387,2017-10-10,976.39179
1388,2017-10-11,977.13372
1389,2017-10-12,975.63228
1390,2017-10-13,981.12654
1391,2017-10-14,981.12654
1392,2017-10-15,980.39629
1393,2017-10-16,978.20835
1394,2017-10-17,974.60486
1395,2017-10-18,969.38814
1396,2017-10-19,980.59769
1397,2017-10-20,970.75438
1398,2017-10-21,970.75438
1399,2017-10-22,969.28334
1400,2017-10-23,971.03282
1401,2017-10-24,972.27595
1402,2017-10-25,964.15314
1403,2017-10-26,964.42832
1404,2017-10-27,970.23537
1405,2017-10-28,970.23537
1406,2017-10-29,968.95926
1407,2017-10-30,966.67537
1408,2017-10-31,955.54343
1409,2017-11-01,962.19754
1410,2017-11-02,978.84394
1411,2017-11-03,971.44365
1412,2017-11-04,971.44365
1413,2017-11-05,971.44812
1414,2017-11-06,971.75444
1415,2017-11-07,970.01469
1416,2017-11-08,977.5768
1417,2017-11-09,978.65605
1418,2017-11-10,975.36694
1419,2017-11-13,973.98386
1420,2017-11-14,973.61521
1421,2017-11-15,971.28749
1422,2017-11-16,969.20373
1423,2017-11-17,979.56125
1424,2017-11-18,979.56125
1425,2017-11-19,980.02197
1426,2017-11-20,966.18662
1427,2017-11-21,967.80756
1428,2017-11-22,969.57896
1429,2017-11-23,970.5164
1430,2017-11-24,965.71339
1431,2017-11-25,965.71339
1432,2017-11-26,966.24862
1433,2017-11-27,971.80038
1434,2017-11-28,968.34958
1435,2017-11-29,957.13455
1436,2017-11-30,942.38665
1437,2017-12-01,950.18465
1438,2017-12-02,950.18465
1439,2017-12-03,944.43621
1440,2017-12-04,947.52234
1441,2017-12-05,943.9955
1442,2017-12-06,943.93438
1443,2017-12-07,925.15122
1444,2017-12-08,931.94935
1445,2017-12-09,931.94935
1446,2017-12-10,932.52285
1447,2017-12-11,931.20861
1448,2017-12-12,933.60437
1449,2017-12-13,935.20687
1450,2017-12-14,933.26931
1451,2017-12-15,942.42058
1452,2017-12-16,942.42058
1453,2017-12-17,941.60409
1454,2017-12-18,942.95912
1455,2017-12-19,942.65831
1456,2017-12-20,947.30642
1457,2017-12-21,947.14457
1458,2017-12-22,954.2839
1459,2017-12-23,954.2839
1460,2017-12-24,954.2839
1461,2017-12-25,952.38914
1462,2017-12-26,958.67821
1463,2017-12-27,960.67028
1464,2017-12-28,962.85508
1465,2017-12-29,964.72078
1466,2017-12-30,964.72078
1467,2017-12-31,964.72078
1468,2018-01-01,967.32087
1469,2018-01-02,971.21199
1470,2018-01-03,970.41681
1471,2018-01-04,974.919
1472,2018-01-05,972.78596
1473,2018-01-06,972.78596
1474,2018-01-07,972.00933
1475,2018-01-08,971.37888
1476,2018-01-09,968.48531
1477,2018-01-10,975.35497
1478,2018-01-11,976.94546
1479,2018-01-12,974.91277
1480,2018-01-13,974.91277
1481,2018-01-14,973.68459
1482,2018-01-15,972.61883
1483,2018-01-16,971.86626
1484,2018-01-17,961.10989
1485,2018-01-18,955.89066
1486,2018-01-19,960.98226
1487,2018-01-20,960.98226
1488,2018-01-21,960.93938
1489,2018-01-22,953.40339
1490,2018-01-23,957.60861
1491,2018-01-24,953.74521
1492,2018-01-25,951.88625
1493,2018-01-26,953.51695
1494,2018-01-27,953.51695
1495,2018-01-28,954.89482
1496,2018-01-29,953.09053
1497,2018-01-30,945.75317
1498,2018-01-31,947.48573
1499,2018-02-01,945.41625
1500,2018-02-02,944.11075
1501,2018-02-03,944.11075
1502,2018-02-04,944.44563
1503,2018-02-05,961.30524
1504,2018-02-06,949.56906
1505,2018-02-07,950.45824
1506,2018-02-08,948.68713
1507,2018-02-09,951.66738
1508,2018-02-10,951.66738
1509,2018-02-11,952.26057
1510,2018-02-12,955.09719
1511,2018-02-13,959.3214
1512,2018-02-14,966.0087
1513,2018-02-15,959.97646
1514,2018-02-16,960.6414
1515,2018-02-17,960.6414
1516,2018-02-18,960.80011
1517,2018-02-19,961.74545
1518,2018-02-20,950.23466
1519,2018-02-21,953.90925
1520,2018-02-22,953.76841
1521,2018-02-23,951.60713
1522,2018-02-24,951.60713
1523,2018-02-25,950.05333
1524,2018-02-26,953.98833
1525,2018-02-27,947.49351
1526,2018-02-28,957.79624
1527,2018-03-01,956.19002
1528,2018-03-02,958.03205
1529,2018-03-03,958.03205
1530,2018-03-04,959.18116
1531,2018-03-05,953.79811
1532,2018-03-06,963.51738
1533,2018-03-07,952.58746
1534,2018-03-08,957.06539
1535,2018-03-09,955.76023
1536,2018-03-10,955.76023
1537,2018-03-11,955.05346
1538,2018-03-12,952.89997
1539,2018-03-13,949.36582
1540,2018-03-14,948.72382
1541,2018-03-15,944.23496
1542,2018-03-16,942.30935
1543,2018-03-17,942.30935
1544,2018-03-18,941.82281
1545,2018-03-19,939.21427
1546,2018-03-20,935.59087
1547,2018-03-21,941.83798
1548,2018-03-22,944.34701
1549,2018-03-23,953.43168
1550,2018-03-24,953.43168
1551,2018-03-25,954.02469
1552,2018-03-26,950.83528
1553,2018-03-27,949.83163
1554,2018-03-28,942.13585
1555,2018-03-29,944.18598
1556,2018-03-30,945.56027
1557,2018-03-31,945.56027
1558,2018-04-01,945.15052
1559,2018-04-02,954.11434
1560,2018-04-03,948.02309
1561,2018-04-04,947.26549
1562,2018-04-05,949.04029
1563,2018-04-06,946.04052
1564,2018-04-07,946.04052
1565,2018-04-08,946.56126
1566,2018-04-09,945.18706
1567,2018-04-10,945.57209
1568,2018-04-11,954.12252
1569,2018-04-12,940.40228
1570,2018-04-13,944.88147
1571,2018-04-14,944.88147
1572,2018-04-15,942.84119
1573,2018-04-16,939.31225
1574,2018-04-17,942.19502
1575,2018-04-18,951.07925
1576,2018-04-19,955.674
1577,2018-04-20,953.84648
1578,2018-04-21,953.84648
1579,2018-04-22,951.89984
1580,2018-04-23,950.37054
1581,2018-04-24,952.00083
1582,2018-04-25,948.94283
1583,2018-04-26,946.75755
1584,2018-04-27,960.0135
1585,2018-04-28,960.0135
1586,2018-04-29,960.45401
1587,2018-04-30,955.74084
1588,2018-05-01,958.68998
1589,2018-05-02,962.19876
1590,2018-05-03,967.36327
1591,2018-05-04,971.56792
1592,2018-05-05,971.56792
1593,2018-05-06,971.45991
1594,2018-05-07,969.01111
1595,2018-05-08,970.81903
1596,2018-05-09,968.8335
1597,2018-05-10,977.22095
1598,2018-05-11,973.35785
1599,2018-05-12,973.35785
1600,2018-05-13,973.65284
1601,2018-05-14,969.04499
1602,2018-05-15,957.77617
1603,2018-05-16,954.97124
1604,2018-05-17,954.81045
1605,2018-05-18,959.8812
1606,2018-05-19,959.8812
1607,2018-05-20,957.81943
1608,2018-05-21,962.78071
1609,2018-05-22,961.90334
1610,2018-05-23,968.76462
1611,2018-05-24,975.06201
1612,2018-05-25,977.52087
1613,2018-05-26,977.52087
1614,2018-05-27,974.91069
1615,2018-05-28,974.78786
1616,2018-05-29,981.20111
1617,2018-05-30,980.34227
1618,2018-05-31,977.57033
1619,2018-06-01,969.11055
1620,2018-06-02,969.11055
1621,2018-06-03,968.82268
1622,2018-06-04,970.56692
1623,2018-06-05,967.76492
1624,2018-06-06,966.83558
1625,2018-06-07,966.32495
1626,2018-06-08,968.98398
1627,2018-06-09,968.98398
1628,2018-06-10,968.80956
1629,2018-06-11,971.3897
1630,2018-06-12,969.0626
1631,2018-06-13,971.37946
1632,2018-06-14,981.80996
1633,2018-06-15,964.23165
1634,2018-06-16,964.23165
1635,2018-06-17,964.41677
1636,2018-06-18,965.76325
1637,2018-06-19,967.80683
1638,2018-06-20,963.27545
1639,2018-06-21,957.00191
1640,2018-06-22,956.96375
1641,2018-06-23,956.96375
1642,2018-06-24,956.96375
1643,2018-06-25,953.43681
1644,2018-06-26,951.86695
1645,2018-06-27,954.86315
1646,2018-06-28,955.08281
1647,2018-06-29,948.59672
1648,2018-06-30,948.59672
1649,2018-07-01,949.04524
1650,2018-07-02,945.64969
1651,2018-07-03,950.26263
1652,2018-07-04,950.18953
1653,2018-07-05,951.18022
1654,2018-07-06,944.81801
1655,2018-07-07,944.81801
1656,2018-07-08,944.34002
1657,2018-07-09,949.49362
1658,2018-07-10,946.48136
1659,2018-07-11,941.0424
1660,2018-07-12,945.16632
1661,2018-07-13,937.98268
1662,2018-07-14,937.98268
1663,2018-07-15,938.57213
1664,2018-07-16,937.20821
1665,2018-07-17,936.62222
1666,2018-07-18,938.18214
1667,2018-07-19,939.84448
1668,2018-07-20,937.94524
1669,2018-07-21,937.94524
1670,2018-07-22,937.62771
1671,2018-07-23,934.79796
1672,2018-07-24,931.93576
1673,2018-07-25,933.81718
1674,2018-07-26,933.30765
1675,2018-07-27,933.25728
1676,2018-07-28,933.25728
1677,2018-07-29,933.01094
1678,2018-07-30,930.22689
1679,2018-07-31,932.85406
1680,2018-08-01,927.189
1681,2018-08-02,929.00324
1682,2018-08-03,933.26411
1683,2018-08-04,933.26411
1684,2018-08-05,933.56357
1685,2018-08-06,933.55867
1686,2018-08-07,936.15271
1687,2018-08-08,942.06566
1688,2018-08-09,945.31591
1689,2018-08-10,948.83923
1690,2018-08-11,948.83923
1691,2018-08-12,949.90444
1692,2018-08-13,935.9685
1693,2018-08-14,938.82596
1694,2018-08-15,926.08738
1695,2018-08-16,924.07035
1696,2018-08-17,928.98988
1697,2018-08-18,928.98988
1698,2018-08-19,928.39267
1699,2018-08-20,930.24518
1700,2018-08-21,926.93179
1701,2018-08-22,926.29798
1702,2018-08-23,925.33888
1703,2018-08-24,938.67203
1704,2018-08-25,938.67203
1705,2018-08-26,939.01912
1706,2018-08-27,938.83256
1707,2018-08-28,934.15951
1708,2018-08-29,926.33656
1709,2018-08-30,922.31767
1710,2018-08-31,927.03936
1711,2018-09-01,927.03936
1712,2018-09-02,928.1893
1713,2018-09-03,933.08631
1714,2018-09-04,927.08252
1715,2018-09-05,927.21787
1716,2018-09-06,928.42143
1717,2018-09-07,925.72039
1718,2018-09-08,925.72039
1719,2018-09-09,924.6064
1720,2018-09-10,917.8159
1721,2018-09-11,919.94194
1722,2018-09-12,924.65071
1723,2018-09-13,917.1237
1724,2018-09-14,913.52696
1725,2018-09-15,913.52696
1726,2018-09-16,913.47147
1727,2018-09-17,912.05149
1728,2018-09-18,910.99894
1729,2018-09-19,916.09778
1730,2018-09-20,909.40465
1731,2018-09-21,917.65588
1732,2018-09-22,917.65588
1733,2018-09-23,915.94692
1734,2018-09-24,914.23376
1735,2018-09-25,912.02571
1736,2018-09-26,907.43138
1737,2018-09-27,905.26847
1738,2018-09-28,914.52175
1739,2018-09-29,914.52175
1740,2018-09-30,914.30588
1741,2018-10-01,911.90169
1742,2018-10-02,928.05642
1743,2018-10-03,925.64987
1744,2018-10-04,921.18215
1745,2018-10-05,917.29191
1746,2018-10-06,917.29191
1747,2018-10-07,916.60223
1748,2018-10-08,907.53995
1749,2018-10-09,904.66953
1750,2018-10-10,904.19844
1751,2018-10-11,924.13017
1752,2018-10-12,925.87257
1753,2018-10-13,925.87257
1754,2018-10-14,930.55264
1755,2018-10-15,933.33283
1756,2018-10-16,929.28427
1757,2018-10-17,933.37404
1758,2018-10-18,941.1907
1759,2018-10-19,938.58364
1760,2018-10-20,938.58364
1761,2018-10-21,939.28377
1762,2018-10-22,942.24674
1763,2018-10-23,948.77186
1764,2018-10-24,957.38919
1765,2018-10-25,960.68338
1766,2018-10-26,961.74759
1767,2018-10-27,961.74759
1768,2018-10-28,960.81289
1769,2018-10-29,960.94598
1770,2018-10-30,962.22027
1771,2018-10-31,952.56391
1772,2018-11-01,948.32837
1773,2018-11-02,951.28508
1774,2018-11-03,951.28508
1775,2018-11-04,948.92742
1776,2018-11-05,942.8834
1777,2018-11-06,936.38398
1778,2018-11-07,934.10197
1779,2018-11-08,936.14343
1780,2018-11-09,932.02608
1781,2018-11-10,932.02608
1782,2018-11-11,935.87281
1783,2018-11-12,935.34146
1784,2018-11-13,924.478
1785,2018-11-14,932.73082
1786,2018-11-15,951.036
1787,2018-11-16,952.1779
1788,2018-11-17,952.1779
1789,2018-11-18,952.62621
1790,2018-11-19,952.13113
1791,2018-11-20,955.42417
1792,2018-11-21,959.43397
1793,2018-11-22,953.36122
1794,2018-11-23,954.54581
1795,2018-11-24,954.54581
1796,2018-11-25,955.31552
1797,2018-11-26,954.31185
1798,2018-11-27,953.22984
1799,2018-11-28,952.23242
1800,2018-11-29,957.77727
1801,2018-11-30,958.04999
1802,2018-12-01,958.04999
1803,2018-12-02,958.5312
1804,2018-12-03,967.59883
1805,2018-12-04,974.04195
1806,2018-12-05,973.09477
1807,2018-12-06,968.26794
1808,2018-12-07,979.72194
1809,2018-12-08,979.72194
1810,2018-12-09,982.05083
1811,2018-12-10,990.54136
1812,2018-12-11,995.1611
1813,2018-12-12,987.1479
1814,2018-12-13,981.97739
1815,2018-12-14,984.2856
1816,2018-12-15,984.2856
1817,2018-12-16,983.05516
1818,2018-12-17,987.53245
1819,2018-12-18,987.52144
1820,2018-12-19,985.38724
1821,2018-12-20,996.24259
1822,2018-12-21,993.01297
1823,2018-12-22,993.01297
1824,2018-12-23,995.28041
1825,2018-12-24,999.24811
1826,2018-12-25,998.78621
1827,2018-12-26,1003.5223
1828,2018-12-27,1008.06251
1829,2018-12-28,1008.84098
1830,2018-12-29,1008.84098
1831,2018-12-30,1008.56206
1832,2018-12-31,1005.95871
1833,2019-01-01,1004.7758
1834,2019-01-02,1027.50501
1835,2019-01-03,1025.75687
1836,2019-01-04,1009.47495
1837,2019-01-05,1009.47495
1838,2019-01-06,1008.74172
1839,2019-01-07,1008.11463
1840,2019-01-08,1008.96909
1841,2019-01-09,1010.29035
1842,2019-01-10,1009.94586
1843,2019-01-11,1002.69016
1844,2019-01-12,1002.69016
1845,2019-01-13,1002.56458
1846,2019-01-14,1003.2079
1847,2019-01-15,1001.99668
1848,2019-01-16,1003.30157
1849,2019-01-17,995.45563
1850,2019-01-18,995.48636
1851,2019-01-19,995.48636
1852,2019-01-20,997.97306
1853,2019-01-21,992.80486
1854,2019-01-22,991.52902
1855,2019-01-23,981.34077
1856,2019-01-24,976.86323
1857,2019-01-25,987.20732
1858,2019-01-26,987.20732
1859,2019-01-27,984.36488
1860,2019-01-28,990.87414
1861,2019-01-29,1002.22482
1862,2019-01-30,1005.83995
1863,2019-01-31,1007.82698
1864,2019-02-01,1007.26069
1865,2019-02-02,1007.26069
1866,2019-02-03,1007.29517
1867,2019-02-04,1006.90822
1868,2019-02-05,1015.01627
1869,2019-02-06,1010.32203
1870,2019-02-07,1012.06299
1871,2019-02-08,1015.06521
1872,2019-02-09,1015.06521
1873,2019-02-10,1015.47565
1874,2019-02-11,1016.6322
1875,2019-02-12,1016.35663
1876,2019-02-13,1017.41931
1877,2019-02-14,1025.2398
1878,2019-02-15,1025.24522
1879,2019-02-16,1025.24522
1880,2019-02-17,1023.95409
1881,2019-02-18,1026.47228
1882,2019-02-19,1025.809
1883,2019-02-20,1027.82069
1884,2019-02-21,1016.80144
1885,2019-02-22,1017.24541
1886,2019-02-23,1017.24541
1887,2019-02-24,1016.27668
1888,2019-02-25,1011.38952
1889,2019-02-26,1002.60564
1890,2019-02-27,992.11868
1891,2019-02-28,990.75345
1892,2019-03-01,979.5257
1893,2019-03-02,979.5257
1894,2019-03-03,978.53768
1895,2019-03-04,976.70686
1896,2019-03-05,979.13484
1897,2019-03-06,976.62844
1898,2019-03-07,982.43771
1899,2019-03-08,997.59524
1900,2019-03-09,997.59524
1901,2019-03-10,999.14516
1902,2019-03-11,975.97279
1903,2019-03-12,996.63584
1904,2019-03-13,985.55742
1905,2019-03-14,977.71467
1906,2019-03-15,979.55023
1907,2019-03-16,979.55023
1908,2019-03-17,978.22743
1909,2019-03-18,982.78806
1910,2019-03-19,984.42929
1911,2019-03-20,996.25145
1912,2019-03-21,996.72121
1913,2019-03-22,994.09952
1914,2019-03-23,994.09952
1915,2019-03-24,993.20001
1916,2019-03-25,1000.15137
1917,2019-03-26,996.65395
1918,2019-03-27,995.57063
1919,2019-03-28,989.47429
1920,2019-03-29,991.64742
1921,2019-03-30,991.64742
1922,2019-03-31,992.53161
1923,2019-04-01,984.78906
1924,2019-04-02,984.31644
1925,2019-04-03,979.86855
1926,2019-04-04,989.07219
1927,2019-04-05,990.84476
1928,2019-04-06,990.84476
1929,2019-04-07,992.00669
1930,2019-04-08,994.19629
1931,2019-04-09,999.23792
1932,2019-04-10,999.46899
1933,2019-04-11,989.6452
1934,2019-04-12,987.2374
1935,2019-04-13,987.2374
1936,2019-04-14,987.25501
1937,2019-04-15,983.40154
1938,2019-04-16,978.90669
1939,2019-04-17,977.296
1940,2019-04-18,982.028
1941,2019-04-19,981.80503
1942,2019-04-20,981.80503
1943,2019-04-21,982.37587
1944,2019-04-22,982.19843
1945,2019-04-23,982.99746
1946,2019-04-24,987.70128
1947,2019-04-25,990.77882
1948,2019-04-26,995.97316
1949,2019-04-27,995.97316
1950,2019-04-28,995.37189
1951,2019-04-29,990.17853
1952,2019-04-30,984.34311
1953,2019-05-01,978.69586
1954,2019-05-02,974.96931
1955,2019-05-03,970.98061
1956,2019-05-04,970.98061
1957,2019-05-05,974.64826
1958,2019-05-06,978.77898
1959,2019-05-07,982.77478
1960,2019-05-08,984.71742
1961,2019-05-09,987.21126
1962,2019-05-10,988.92504
1963,2019-05-11,988.92504
1964,2019-05-12,989.97855
1965,2019-05-13,1004.08055
1966,2019-05-14,1004.44586
1967,2019-05-15,1009.58264
1968,2019-05-16,1005.22022
1969,2019-05-17,1004.49694
1970,2019-05-18,1004.49694
1971,2019-05-19,1004.29001
1972,2019-05-20,1003.92856
1973,2019-05-21,1003.46788
1974,2019-05-22,1005.80766
1975,2019-05-23,1014.01305
1976,2019-05-24,1010.74474
1977,2019-05-25,1010.74474
1978,2019-05-26,1009.69321
1979,2019-05-27,1013.49902
1980,2019-05-28,1010.77983
1981,2019-05-29,1013.6003
1982,2019-05-30,1021.61699
1983,2019-05-31,1033.07284
1984,2019-06-01,1033.07284
1985,2019-06-02,1035.46231
1986,2019-06-03,1046.03427
1987,2019-06-04,1043.79513
1988,2019-06-05,1050.13672
1989,2019-06-06,1051.59819
1990,2019-06-07,1052.29648
1991,2019-06-08,1052.29648
1992,2019-06-09,1049.15816
1993,2019-06-10,1047.08873
1994,2019-06-11,1043.13262
1995,2019-06-12,1050.28738
1996,2019-06-13,1059.83327
1997,2019-06-14,1065.22352
1998,2019-06-15,1065.22352
1999,2019-06-16,1065.10777
2000,2019-06-17,1068.22269
2001,2019-06-18,1071.67317
2002,2019-06-19,1074.4144
2003,2019-06-20,1093.21023
2004,2019-06-21,1097.79257
2005,2019-06-22,1097.79257
2006,2019-06-23,1102.85746
2007,2019-06-24,1117.40132
2008,2019-06-25,1116.96183
2009,2019-06-26,1108.97789
2010,2019-06-27,1111.98677
2011,2019-06-28,1110.48414
2012,2019-06-29,1110.48414
2013,2019-06-30,1099.33657
2014,2019-07-01,1096.85722
2015,2019-07-02,1133.6715
2016,2019-07-03,1126.21529
2017,2019-07-04,1131.17367
2018,2019-07-05,1116.31351
2019,2019-07-06,1116.31351
2020,2019-07-07,1114.12937
2021,2019-07-08,1113.93457
2022,2019-07-09,1120.30238
2023,2019-07-10,1135.64132
2024,2019-07-11,1121.27646
2025,2019-07-12,1125.34243
2026,2019-07-13,1125.34243
2027,2019-07-14,1127.44618
2028,2019-07-15,1131.44872
2029,2019-07-16,1132.32148
2030,2019-07-17,1147.4152
2031,2019-07-18,1151.26389
2032,2019-07-19,1139.68627
2033,2019-07-20,1139.68627
2034,2019-07-21,1139.30235
2035,2019-07-22,1141.58274
2036,2019-07-23,1139.24163
2037,2019-07-24,1142.42461
2038,2019-07-25,1136.83408
2039,2019-07-26,1145.709
2040,2019-07-27,1145.709
2041,2019-07-28,1146.79214
2042,2019-07-29,1165.45797
2043,2019-07-30,1176.56975
2044,2019-07-31,1163.47459
2045,2019-08-01,1187.03238
2046,2019-08-02,1184.4139
2047,2019-08-03,1184.4139
2048,2019-08-04,1183.76839
2049,2019-08-05,1212.56396
2050,2019-08-06,1211.2419
2051,2019-08-07,1233.52495
2052,2019-08-08,1237.48929
2053,2019-08-09,1244.91332
2054,2019-08-10,1244.91332
2055,2019-08-11,1243.90011
2056,2019-08-12,1251.99846
2057,2019-08-13,1245.27942
2058,2019-08-14,1258.31675
2059,2019-08-15,1259.07946
2060,2019-08-16,1245.38849
2061,2019-08-17,1245.38849
2062,2019-08-18,1242.03321
2063,2019-08-19,1233.25993
2064,2019-08-20,1238.41152
2065,2019-08-21,1239.01743
2066,2019-08-22,1222.45577
2067,2019-08-23,1242.41167
2068,2019-08-24,1242.41167
2069,2019-08-25,1260.93158
2070,2019-08-26,1249.4999
2071,2019-08-27,1255.324
2072,2019-08-28,1259.08754
2073,2019-08-29,1253.88116
2074,2019-08-30,1250.40491
2075,2019-08-31,1250.40491
2076,2019-09-01,1257.75854
2077,2019-09-02,1265.05764
2078,2019-09-03,1278.19499
2079,2019-09-04,1267.32916
2080,2019-09-05,1231.55013
2081,2019-09-06,1226.34023
2082,2019-09-07,1226.34023
2083,2019-09-08,1226.59878
2084,2019-09-09,1213.84891
2085,2019-09-10,1204.05983
2086,2019-09-11,1214.0595
2087,2019-09-12,1213.72393
2088,2019-09-13,1190.88015
2089,2019-09-14,1190.88015
2090,2019-09-15,1203.60041
2091,2019-09-16,1206.18503
2092,2019-09-17,1200.89989
2093,2019-09-18,1196.97091
2094,2019-09-19,1196.27993
2095,2019-09-20,1215.4647
2096,2019-09-21,1215.4647
2097,2019-09-22,1213.6171
2098,2019-09-23,1224.38075
2099,2019-09-24,1225.75184
2100,2019-09-25,1217.84886
2101,2019-09-26,1221.30682
2102,2019-09-27,1217.89307
2103,2019-09-28,1217.89307
2104,2019-09-29,1218.80949
2105,2019-09-30,1198.67843
2106,2019-10-01,1203.55019
2107,2019-10-02,1219.14929
2108,2019-10-03,1221.56883
2109,2019-10-04,1219.85821
2110,2019-10-05,1219.85821
2111,2019-10-06,1221.15135
2112,2019-10-07,1214.7592
2113,2019-10-08,1233.32106
2114,2019-10-09,1240.90275
2115,2019-10-10,1201.54624
2116,2019-10-11,1176.33552
2117,2019-10-12,1176.33552
2118,2019-10-13,1174.29229
2119,2019-10-14,1183.27431
2120,2019-10-15,1160.39735
2121,2019-10-16,1162.94927
2122,2019-10-17,1159.52121
2123,2019-10-18,1147.63604
2124,2019-10-19,1147.63604
2125,2019-10-20,1155.60377
2126,2019-10-21,1144.69188
2127,2019-10-22,1154.09165
2128,2019-10-23,1155.64546
2129,2019-10-24,1170.75869
2130,2019-10-25,1172.77334
2131,2019-10-26,1172.77334
2132,2019-10-27,1172.49121
2133,2019-10-28,1160.38301
2134,2019-10-29,1156.07718
2135,2019-10-30,1159.12975
2136,2019-10-31,1168.75865
2137,2019-11-01,1170.08238
2138,2019-11-02,1170.08238
2139,2019-11-03,1169.55887
2140,2019-11-04,1169.15932
2141,2019-11-05,1152.63403
2142,2019-11-06,1159.25046
2143,2019-11-07,1145.84487
2144,2019-11-08,1141.75419
2145,2019-11-09,1141.75419
2146,2019-11-10,1141.98011
2147,2019-11-11,1132.48972
2148,2019-11-12,1134.77145
2149,2019-11-13,1138.81065
2150,2019-11-14,1140.61148
2151,2019-11-15,1137.43925
2152,2019-11-16,1137.43925
2153,2019-11-17,1137.10511
2154,2019-11-18,1136.58567
2155,2019-11-19,1140.45048
2156,2019-11-20,1140.76395
2157,2019-11-21,1134.19515
2158,2019-11-22,1139.14134
2159,2019-11-23,1139.14134
2160,2019-11-24,1136.61107
2161,2019-11-25,1127.41639
2162,2019-11-26,1135.75375
2163,2019-11-27,1126.85424
2164,2019-11-28,1127.86064
2165,2019-11-29,1131.83083
2166,2019-11-30,1131.83083
2167,2019-12-01,1132.2428
2168,2019-12-02,1130.45562
2169,2019-12-03,1135.998
2170,2019-12-04,1125.54728
2171,2019-12-05,1121.80803
2172,2019-12-06,1111.10519
2173,2019-12-07,1111.10519
2174,2019-12-08,1111.26967
2175,2019-12-09,1111.54387
2176,2019-12-10,1114.9972
2177,2019-12-11,1117.17223
2178,2019-12-12,1087.64905
2179,2019-12-13,1107.45014
2180,2019-12-14,1107.45014
2181,2019-12-15,1104.01291
2182,2019-12-16,1111.84161
2183,2019-12-17,1124.56944
2184,2019-12-18,1127.95919
2185,2019-12-19,1135.906
2186,2019-12-20,1136.72946
2187,2019-12-21,1136.72946
2188,2019-12-22,1136.89067
2189,2019-12-23,1147.7145
2190,2019-12-24,1157.10438
2191,2019-12-25,1156.21253
2192,2019-12-26,1162.34113
2193,2019-12-27,1154.67979
2194,2019-12-28,1154.67979
2195,2019-12-29,1156.25489
2196,2019-12-30,1155.45361
2197,2019-12-31,1145.83058
2198,2020-01-01,1145.81942
2199,2020-01-02,1163.21493
2200,2020-01-03,1185.91916
2201,2020-01-04,1185.91916
2202,2020-01-05,1199.78742
2203,2020-01-06,1187.34033
2204,2020-01-07,1216.61037
2205,2020-01-08,1188.80695
2206,2020-01-09,1188.03033
2207,2020-01-10,1195.99706
2208,2020-01-11,1195.99706
2209,2020-01-12,1195.68493
2210,2020-01-13,1189.8974
2211,2020-01-14,1189.89344
2212,2020-01-15,1193.56842
2213,2020-01-16,1187.1616
2214,2020-01-17,1196.93341
2215,2020-01-18,1196.93341
2216,2020-01-19,1197.29892
2217,2020-01-20,1200.66518
2218,2020-01-21,1192.97203
2219,2020-01-22,1187.96503
2220,2020-01-23,1189.94516
2221,2020-01-24,1201.66589
2222,2020-01-25,1201.66589
2223,2020-01-26,1212.07168
2224,2020-01-27,1210.76309
2225,2020-01-28,1204.42277
2226,2020-01-29,1211.11704
2227,2020-01-30,1203.57195
2228,2020-01-31,1203.32437
2229,2020-02-01,1203.32437
2230,2020-02-02,1205.9821
2231,2020-02-03,1214.92321
2232,2020-02-04,1192.62292
2233,2020-02-05,1197.60078
2234,2020-02-06,1211.06832
2235,2020-02-07,1218.35887
2236,2020-02-08,1218.35887
2237,2020-02-09,1221.68046
2238,2020-02-10,1217.15179
2239,2020-02-11,1209.56009
2240,2020-02-12,1211.75277
2241,2020-02-13,1209.05053
2242,2020-02-14,1214.08534
2243,2020-02-15,1214.08534
2244,2020-02-16,1213.03543
2245,2020-02-17,1218.13729
2246,2020-02-18,1231.39412
2247,2020-02-19,1245.78553
2248,2020-02-20,1259.24172
2249,2020-02-21,1268.68235
2250,2020-02-22,1268.68235
2251,2020-02-23,1286.12516
2252,2020-02-24,1279.95451
2253,2020-02-25,1261.06753
2254,2020-02-26,1272.97801
2255,2020-02-27,1276.83892
2256,2020-02-28,1236.45591
2257,2020-02-29,1236.45591
2258,2020-03-01,1237.08679
2259,2020-03-02,1246.95676
2260,2020-03-03,1283.13131
2261,2020-03-04,1272.32538
2262,2020-03-05,1292.65609
2263,2020-03-06,1283.15441
2264,2020-03-07,1283.15441
2265,2020-03-08,1297.66732
2266,2020-03-09,1274.61411
2267,2020-03-10,1280.38093
2268,2020-03-11,1281.64108
2269,2020-03-12,1254.16645
2270,2020-03-13,1245.90351
2271,2020-03-14,1245.90351
2272,2020-03-15,1256.6356
2273,2020-03-16,1228.05087
2274,2020-03-17,1269.15553
2275,2020-03-18,1290.74444
2276,2020-03-19,1280.25375
2277,2020-03-20,1288.30393
2278,2020-03-21,1288.30393
2279,2020-03-22,1284.51303
2280,2020-03-23,1351.54003
2281,2020-03-24,1386.75997
2282,2020-03-25,1360.34366
2283,2020-03-26,1333.94302
2284,2020-03-27,1304.34521
2285,2020-03-28,1304.34521
2286,2020-03-29,1313.11254
2287,2020-03-30,1306.64632
2288,2020-03-31,1271.37683
2289,2020-04-01,1285.29192
2290,2020-04-02,1299.6885
2291,2020-04-03,1317.55631
2292,2020-04-04,1317.55631
2293,2020-04-05,1320.33085
2294,2020-04-06,1366.22842
2295,2020-04-07,1336.43928
2296,2020-04-08,1330.33137
2297,2020-04-09,1352.31641
2298,2020-04-10,1353.30469
2299,2020-04-11,1353.30469
2300,2020-04-12,1352.73751
2301,2020-04-13,1372.12675
2302,2020-04-14,1367.29125
2303,2020-04-15,1370.18981
2304,2020-04-16,1369.60963
2305,2020-04-17,1346.39801
2306,2020-04-18,1346.39801
2307,2020-04-19,1340.86879
2308,2020-04-20,1360.10899
2309,2020-04-21,1371.35468
2310,2020-04-22,1387.62573
2311,2020-04-23,1400.19752
2312,2020-04-24,1397.0665
2313,2020-04-25,1397.0665
2314,2020-04-26,1393.40205
2315,2020-04-27,1377.65009
2316,2020-04-28,1372.03613
2317,2020-04-29,1373.3615
2318,2020-04-30,1342.3945
2319,2020-05-01,1360.89157
2320,2020-05-02,1360.89157
2321,2020-05-03,1359.75837
2322,2020-05-04,1368.00845
2323,2020-05-05,1370.61187
2324,2020-05-06,1368.83458
2325,2020-05-07,1385.99866
2326,2020-05-08,1372.48255
2327,2020-05-09,1372.48255
2328,2020-05-10,1373.85939
2329,2020-05-11,1376.09581
2330,2020-05-12,1389.13682
2331,2020-05-13,1403.59324
2332,2020-05-14,1415.29125
2333,2020-05-15,1439.85161
2334,2020-05-16,1439.85161
2335,2020-05-17,1444.94758
2336,2020-05-18,1421.44002
2337,2020-05-19,1423.98318
2338,2020-05-20,1427.70821
2339,2020-05-21,1413.29592
2340,2020-05-22,1426.84882
2341,2020-05-23,1426.84882
2342,2020-05-24,1421.49645
2343,2020-05-25,1416.88647
2344,2020-05-26,1387.61802
2345,2020-05-27,1394.52302
2346,2020-05-28,1395.54571
2347,2020-05-29,1401.4121
2348,2020-05-30,1401.4121
2349,2020-05-31,1408.43553
2350,2020-06-01,1393.64394
2351,2020-06-02,1379.27737
2352,2020-06-03,1351.45647
2353,2020-06-04,1360.54287
2354,2020-06-05,1329.82725
2355,2020-06-06,1329.82725
2356,2020-06-07,1322.67325
2357,2020-06-08,1332.79938
2358,2020-06-09,1347.18474
2359,2020-06-10,1362.39004
2360,2020-06-11,1373.907
2361,2020-06-12,1380.48298
2362,2020-06-13,1380.48298
2363,2020-06-14,1383.12693
2364,2020-06-15,1368.38645
2365,2020-06-16,1373.33848
2366,2020-06-17,1375.42646
2367,2020-06-18,1387.11235
2368,2020-06-19,1411.1871
2369,2020-06-20,1411.1871
2370,2020-06-21,1413.88457
2371,2020-06-22,1405.06131
2372,2020-06-23,1411.81311
2373,2020-06-24,1421.1175
2374,2020-06-25,1420.26162
2375,2020-06-26,1434.9481
2376,2020-06-27,1434.9481
2377,2020-06-28,1437.69549
2378,2020-06-29,1440.63156
2379,2020-06-30,1437.94881
2380,2020-07-01,1418.39237
2381,2020-07-02,1424.20366
2382,2020-07-03,1422.67211
2383,2020-07-04,1422.67211
2384,2020-07-05,1422.95388
2385,2020-07-06,1429.97178
2386,2020-07-07,1431.09717
2387,2020-07-08,1435.19866
2388,2020-07-09,1430.94475
2389,2020-07-10,1425.1428
2390,2020-07-11,1425.1428
2391,2020-07-12,1425.16984
2392,2020-07-13,1435.45105
2393,2020-07-14,1438.48813
2394,2020-07-15,1439.06304
2395,2020-07-16,1431.63093
2396,2020-07-17,1440.39406
2397,2020-07-18,1440.39406
2398,2020-07-19,1440.14911
2399,2020-07-20,1436.12046
2400,2020-07-21,1446.98844
2401,2020-07-22,1467.92705
2402,2020-07-23,1482.19296
2403,2020-07-24,1486.58567
2404,2020-07-25,1486.58567
2405,2020-07-26,1490.45925
2406,2020-07-27,1511.24807
2407,2020-07-28,1509.1741
2408,2020-07-29,1516.14592
2409,2020-07-30,1493.88617
2410,2020-07-31,1509.45307
2411,2020-08-01,1509.45307
2412,2020-08-02,1514.55084
2413,2020-08-03,1509.41232
2414,2020-08-04,1545.94384
2415,2020-08-05,1552.82757
2416,2020-08-06,1575.22996
2417,2020-08-07,1558.03012
2418,2020-08-08,1558.03012
2419,2020-08-09,1552.96341
2420,2020-08-10,1551.5821
2421,2020-08-11,1475.62909
2422,2020-08-12,1469.6542
2423,2020-08-13,1498.78154
2424,2020-08-14,1485.67782
2425,2020-08-15,1485.67782
2426,2020-08-16,1488.44037
2427,2020-08-17,1512.65789
2428,2020-08-18,1514.38224
2429,2020-08-19,1478.55207
2430,2020-08-20,1473.78214
2431,2020-08-21,1481.39307
2432,2020-08-22,1481.39307
2433,2020-08-23,1478.62305
2434,2020-08-24,1475.93251
2435,2020-08-25,1466.83021
2436,2020-08-26,1477.68426
2437,2020-08-27,1460.77596
2438,2020-08-28,1471.57848
2439,2020-08-29,1471.57848
2440,2020-08-30,1478.51271
2441,2020-08-31,1471.23482
2442,2020-09-01,1472.06852
2443,2020-09-02,1453.90597
2444,2020-09-03,1455.15709
2445,2020-09-04,1455.80296
2446,2020-09-05,1455.80296
2447,2020-09-06,1461.4929
2448,2020-09-07,1466.49958
2449,2020-09-08,1489.45878
2450,2020-09-09,1496.50011
2451,2020-09-10,1517.94158
2452,2020-09-11,1516.53869
2453,2020-09-12,1516.53869
2454,2020-09-13,1516.45987
2455,2020-09-14,1523.00767
2456,2020-09-15,1516.96421
2457,2020-09-16,1510.40474
2458,2020-09-17,1499.76498
2459,2020-09-18,1509.95328
2460,2020-09-19,1509.95328
2461,2020-09-20,1508.16218
2462,2020-09-21,1493.01326
2463,2020-09-22,1491.0837
2464,2020-09-23,1461.04912
2465,2020-09-24,1465.00373
2466,2020-09-25,1459.4109
2467,2020-09-26,1459.4109
2468,2020-09-27,1461.78898
2469,2020-09-28,1463.75808
2470,2020-09-29,1475.80463
2471,2020-09-30,1460.99661
2472,2020-10-01,1478.7745
2473,2020-10-02,1470.1492
2474,2020-10-03,1470.1492
2475,2020-10-04,1469.80465
2476,2020-10-05,1472.42976
2477,2020-10-06,1457.1038
2478,2020-10-07,1460.92997
2479,2020-10-08,1465.93439
2480,2020-10-09,1479.33688
2481,2020-10-10,1479.33688
2482,2020-10-11,1480.28862
2483,2020-10-12,1472.6348
2484,2020-10-13,1462.80247
2485,2020-10-14,1460.4141
2486,2020-10-15,1478.68939
2487,2020-10-16,1470.12487
2488,2020-10-17,1470.12487
2489,2020-10-18,1471.20204
2490,2020-10-19,1470.21318
2491,2020-10-20,1476.30722
2492,2020-10-21,1464.54392
2493,2020-10-22,1457.56104
2494,2020-10-23,1458.70409
2495,2020-10-24,1458.70409
2496,2020-10-25,1454.40023
2497,2020-10-26,1461.44419
2498,2020-10-27,1461.97883
2499,2020-10-28,1447.011
2500,2020-10-29,1444.75208
2501,2020-10-30,1450.37814
2502,2020-10-31,1450.37814
2503,2020-11-01,1452.12988
2504,2020-11-02,1466.54516
2505,2020-11-03,1459.2009
2506,2020-11-04,1469.07636
2507,2020-11-05,1481.06903
2508,2020-11-06,1483.45694
2509,2020-11-07,1483.45694
2510,2020-11-08,1485.68913
2511,2020-11-09,1421.00607
2512,2020-11-10,1415.40486
2513,2020-11-11,1410.51664
2514,2020-11-12,1428.98404
2515,2020-11-13,1432.29937
2516,2020-11-14,1432.29937
2517,2020-11-15,1430.21123
2518,2020-11-16,1429.33862
2519,2020-11-17,1419.88242
2520,2020-11-18,1412.37608
2521,2020-11-19,1406.73399
2522,2020-11-20,1408.43263
2523,2020-11-21,1408.43263
2524,2020-11-22,1407.06192
2525,2020-11-23,1377.68231
2526,2020-11-24,1354.0276
2527,2020-11-25,1351.22241
2528,2020-11-26,1354.82518
2529,2020-11-27,1342.04381
2530,2020-11-28,1342.04381
2531,2020-11-29,1340.18871
2532,2020-11-30,1340.18871
2533,2020-12-01,1349.39948
2534,2020-12-02,1369.4592
2535,2020-12-03,1367.68439
2536,2020-12-04,1368.76563
2537,2020-12-05,1368.76563
2538,2020-12-06,1368.30688
2539,2020-12-07,1395.65089
2540,2020-12-08,1399.40968
2541,2020-12-09,1373.20524
2542,2020-12-10,1381.0383
2543,2020-12-11,1390.74287
2544,2020-12-12,1390.74287
2545,2020-12-13,1379.63043
2546,2020-12-14,1371.60676
2547,2020-12-15,1377.76431
2548,2020-12-16,1385.45776
2549,2020-12-17,1388.39388
2550,2020-12-18,1389.96334
2551,2020-12-19,1389.96334
2552,2020-12-20,1405.25153
2553,2020-12-21,1397.19273
2554,2020-12-22,1391.4799
2555,2020-12-23,1386.23528
2556,2020-12-24,1388.64774
2557,2020-12-25,1388.64774
2558,2020-12-26,1388.64774
2559,2020-12-27,1391.46726
2560,2020-12-28,1393.714
2561,2020-12-29,1391.75411
2562,2020-12-30,1390.62597
2563,2020-12-31,1389.86447
2564,2021-01-01,1389.86447
2565,2021-01-02,1389.86447
2566,2021-01-03,1398.3673
2567,2021-01-04,1430.50725
2568,2021-01-05,1431.14913
2569,2021-01-06,1412.86576
2570,2021-01-07,1412.62728
2571,2021-01-08,1362.66129
2572,2021-01-09,1362.66129
2573,2021-01-10,1364.68626
2574,2021-01-11,1355.96663
2575,2021-01-13,1358.27833
2576,2021-01-15,1354.47944
2577,2021-01-18,1349.76448
2578,2021-01-19,1349.30578
2579,2021-01-20,1368.44994
2580,2021-01-21,1362.00781
2581,2021-01-22,1355.3392
2582,2021-01-23,1355.3392
2583,2021-01-24,1350.177
2584,2021-01-25,1356.74358
2585,2021-01-26,1347.33012
2586,2021-01-27,1346.00193
2587,2021-01-28,1343.54599
2588,2021-01-29,1347.47027
2589,2021-01-30,1347.47027
2590,2021-01-31,1354.57293
2591,2021-02-01,1358.14783
2592,2021-02-02,1344.65984
2593,2021-02-03,1343.74977
2594,2021-02-04,1313.69358
2595,2021-02-05,1320.2047
2596,2021-02-06,1320.2047
2597,2021-02-07,1323.20957
2598,2021-02-08,1331.74859
2599,2021-02-09,1329.10998
2600,2021-02-10,1331.85957
2601,2021-02-11,1322.77358
2602,2021-02-12,1317.18421
2603,2021-02-13,1317.18421
2604,2021-02-14,1313.04574
2605,2021-02-15,1307.19913
2606,2021-02-16,1288.16812
2607,2021-02-17,1282.47872
2608,2021-02-18,1268.18686
2609,2021-02-19,1272.8444
2610,2021-02-20,1272.8444
2611,2021-02-21,1271.69136
2612,2021-02-22,1286.84446
2613,2021-02-23,1279.0113
2614,2021-02-24,1274.82519
2615,2021-02-25,1264.18173
2616,2021-02-26,1244.92331
2617,2021-02-27,1244.92331
2618,2021-02-28,1244.44103
2619,2021-03-01,1238.29798
2620,2021-03-02,1244.33917
2621,2021-03-03,1228.61494
2622,2021-03-04,1219.65694
2623,2021-03-05,1229.30429
2624,2021-03-06,1229.30429
2625,2021-03-07,1232.83309
2626,2021-03-08,1218.80245
2627,2021-03-09,1235.61774
2628,2021-03-10,1239.4573
2629,2021-03-11,1231.83214
2630,2021-03-12,1240.63891
2631,2021-03-13,1240.63891
2632,2021-03-14,1238.54834
2633,2021-03-15,1245.3583
2634,2021-03-16,1245.83602
2635,2021-03-17,1251.13781
2636,2021-03-18,1246.57308
2637,2021-03-19,1258.32838
2638,2021-03-20,1258.32838
2639,2021-03-21,1256.25077
2640,2021-03-22,1255.17791
2641,2021-03-23,1257.66947
2642,2021-03-24,1267.22406
2643,2021-03-25,1256.41902
2644,2021-03-26,1256.84776
2645,2021-03-27,1256.84776
2646,2021-03-28,1255.12471
2647,2021-03-29,1243.6052
2648,2021-03-30,1225.1846
2649,2021-03-31,1239.01269
2650,2021-04-01,1249.93586
2651,2021-04-02,1250.73583
2652,2021-04-03,1250.73583
2653,2021-04-04,1250.48471
2654,2021-04-05,1241.60869
2655,2021-04-06,1261.17505
2656,2021-04-07,1264.30425
2657,2021-04-08,1277.77232
2658,2021-04-09,1271.87345
2659,2021-04-10,1271.87345
2660,2021-04-11,1270.5342
2661,2021-04-12,1260.62572
2662,2021-04-13,1268.94832
2663,2021-04-14,1260.07984
2664,2021-04-15,1279.57769
2665,2021-04-16,1283.47358
2666,2021-04-17,1283.47358
2667,2021-04-18,1283.70897
2668,2021-04-19,1266.10652
2669,2021-04-20,1275.93939
2670,2021-04-21,1288.38001
2671,2021-04-22,1288.97831
2672,2021-04-23,1280.07479
2673,2021-04-24,1280.07479
2674,2021-04-25,1279.20178
2675,2021-04-26,1282.01862
2676,2021-04-27,1277.01519
2677,2021-04-28,1278.26819
2678,2021-04-29,1271.15763
2679,2021-04-30,1280.96867
2680,2021-05-01,1280.96867
2681,2021-05-02,1279.03031
2682,2021-05-03,1288.91206
2683,2021-05-04,1280.52116
2684,2021-05-05,1284.71213
2685,2021-05-06,1305.84437
2686,2021-05-07,1309.02013
2687,2021-05-08,1309.02013
2688,2021-05-09,1306.40953
2689,2021-05-10,1299.08024
2690,2021-05-11,1299.17195
2691,2021-05-12,1292.00311
2692,2021-05-13,1300.0954
2693,2021-05-14,1306.96693
2694,2021-05-15,1306.96693
2695,2021-05-16,1308.98424
2696,2021-05-17,1319.8243
2697,2021-05-18,1317.34558
2698,2021-05-19,1324.31082
2699,2021-05-20,1322.37828
2700,2021-05-21,1329.70368
2701,2021-05-22,1329.70368
2702,2021-05-23,1330.19735
2703,2021-05-24,1328.32764
2704,2021-05-25,1341.97907
2705,2021-05-26,1343.3264
2706,2021-05-27,1335.72243
2707,2021-05-28,1341.55186
2708,2021-05-29,1341.55186
2709,2021-05-30,1342.02949
2710,2021-05-31,1341.85389
2711,2021-06-01,1342.05858
2712,2021-06-02,1347.19022
2713,2021-06-03,1326.70541
2714,2021-06-04,1336.13505
2715,2021-06-05,1336.13505
2716,2021-06-06,1334.79543
2717,2021-06-07,1339.30838
2718,2021-06-08,1337.66679
2719,2021-06-09,1338.49223
2720,2021-06-10,1339.56919
2721,2021-06-11,1329.33029
2722,2021-06-12,1329.33029
2723,2021-06-13,1328.74456
2724,2021-06-14,1323.39756
2725,2021-06-15,1320.88959
2726,2021-06-16,1299.09497
2727,2021-06-17,1274.57102
2728,2021-06-18,1278.40567
2729,2021-06-19,1278.40567
2730,2021-06-20,1280.07845
2731,2021-06-21,1281.43788
2732,2021-06-22,1275.37089
2733,2021-06-23,1274.12997
2734,2021-06-24,1275.71047
2735,2021-06-25,1282.71461
2736,2021-06-26,1282.71461
2737,2021-06-27,1283.45992
2738,2021-06-28,1280.76635
2739,2021-06-29,1272.69082
2740,2021-06-30,1279.39246
2741,2021-07-01,1291.00158
2742,2021-07-02,1292.60902
2743,2021-07-03,1292.60902
2744,2021-07-04,1291.21918
2745,2021-07-05,1293.29234
2746,2021-07-06,1301.31696
2747,2021-07-07,1307.5608
2748,2021-07-08,1308.38807
2749,2021-07-09,1300.39413
2750,2021-07-10,1300.39413
2751,2021-07-11,1300.72951
2752,2021-07-12,1301.56633
2753,2021-07-13,1308.50548
2754,2021-07-14,1318.17247
2755,2021-07-15,1323.48454
2756,2021-07-16,1316.00339
2757,2021-07-17,1316.00339
2758,2021-07-18,1316.85446
2759,2021-07-19,1325.8713
2760,2021-07-20,1327.76337
2761,2021-07-21,1315.27045
2762,2021-07-22,1313.03659
2763,2021-07-23,1310.56339
2764,2021-07-24,1310.56339
2765,2021-07-25,1308.93148
2766,2021-07-26,1300.49746
2767,2021-07-27,1296.44947
2768,2021-07-28,1300.91213
2769,2021-07-29,1309.45418
2770,2021-07-30,1305.09054
2771,2021-07-31,1305.09054
2772,2021-08-01,1304.97148
2773,2021-08-02,1305.06602
2774,2021-08-03,1301.22339
2775,2021-08-04,1304.8445
2776,2021-08-05,1295.1527
2777,2021-08-06,1270.99867
2778,2021-08-07,1270.99867
2779,2021-08-08,1213.61271
2780,2021-08-09,1250.02528
2781,2021-08-10,1249.32975
2782,2021-08-11,1262.66588
2783,2021-08-12,1270.04514
2784,2021-08-13,1283.33952
2785,2021-08-14,1283.33952
2786,2021-08-15,1283.11085
2787,2021-08-16,1291.63837
2788,2021-08-17,1300.32496
2789,2021-08-18,1300.04107
2790,2021-08-19,1306.05329
2791,2021-08-20,1307.35155
2792,2021-08-21,1307.35155
2793,2021-08-22,1305.43749
2794,2021-08-23,1315.07588
2795,2021-08-24,1312.80845
2796,2021-08-25,1301.39619
2797,2021-08-26,1308.42237
2798,2021-08-27,1321.21666
2799,2021-08-28,1321.21666
2800,2021-08-29,1320.80831
2801,2021-08-30,1315.74127
2802,2021-08-31,1319.07043
2803,2021-09-01,1317.19581
2804,2021-09-02,1307.54388
2805,2021-09-03,1319.20745
2806,2021-09-04,1319.20745
2807,2021-09-05,1319.2174
2808,2021-09-06,1317.31061
2809,2021-09-07,1302.28864
2810,2021-09-08,1299.49141
2811,2021-09-09,1297.42328
2812,2021-09-10,1292.75197
2813,2021-09-11,1292.75197
2814,2021-09-12,1292.42706
2815,2021-09-13,1295.6026
2816,2021-09-14,1306.74567
2817,2021-09-15,1295.27883
2818,2021-09-16,1271.06244
2819,2021-09-17,1277.16699
2820,2021-09-18,1277.16699
2821,2021-09-19,1277.62986
2822,2021-09-20,1291.10941
2823,2021-09-21,1299.0516
2824,2021-09-22,1297.8044
2825,2021-09-23,1271.29413
2826,2021-09-24,1279.76114
2827,2021-09-25,1279.76114
2828,2021-09-26,1279.67475
2829,2021-09-27,1278.22381
2830,2021-09-28,1281.22911
2831,2021-09-29,1286.11157
2832,2021-09-30,1302.39442
2833,2021-10-01,1299.6925
2834,2021-10-02,1299.6925
2835,2021-10-03,1299.71997
2836,2021-10-04,1299.85451
2837,2021-10-05,1291.45235
2838,2021-10-06,1297.16851
2839,2021-10-07,1288.94038
2840,2021-10-08,1290.54148
2841,2021-10-09,1290.54148
2842,2021-10-10,1288.90113
2843,2021-10-11,1290.55954
2844,2021-10-12,1295.41332
2845,2021-10-13,1312.09387
2846,2021-10-14,1313.4658
2847,2021-10-15,1285.40781
2848,2021-10-16,1285.40781
2849,2021-10-17,1285.20298
2850,2021-10-18,1284.48135
2851,2021-10-19,1282.43511
2852,2021-10-20,1289.13732
2853,2021-10-21,1293.20351
2854,2021-10-22,1303.07997
2855,2021-10-23,1303.07997
2856,2021-10-24,1303.40997
2857,2021-10-25,1313.23546
2858,2021-10-26,1302.03785
2859,2021-10-27,1307.95296
2860,2021-10-28,1304.24589
2861,2021-10-29,1302.76982
2862,2021-10-30,1302.76982
2863,2021-10-31,1300.88243
2864,2021-11-01,1312.60299
2865,2021-11-02,1312.3832
2866,2021-11-03,1298.34266
2867,2021-11-04,1326.09887
2868,2021-11-05,1346.9071
2869,2021-11-06,1346.9071
2870,2021-11-07,1346.25463
2871,2021-11-08,1345.3479
2872,2021-11-09,1349.53669
2873,2021-11-10,1378.04296
2874,2021-11-11,1393.32812
2875,2021-11-12,1390.15825
2876,2021-11-13,1390.15825
2877,2021-11-14,1390.58732
2878,2021-11-15,1388.73727
2879,2021-11-16,1378.34536
2880,2021-11-17,1383.93277
2881,2021-11-18,1377.7176
2882,2021-11-19,1372.93916
2883,2021-11-20,1372.93916
2884,2021-11-21,1373.54981
2885,2021-11-22,1350.30659
2886,2021-11-23,1339.34192
2887,2021-11-24,1342.61913
2888,2021-11-25,1346.59155
2889,2021-11-26,1343.85593
2890,2021-11-27,1343.85593
2891,2021-11-28,1345.76924
2892,2021-11-29,1342.06208
2893,2021-11-30,1333.97764
2894,2021-12-01,1342.20159
2895,2021-12-02,1330.09523
2896,2021-12-03,1348.19637
2897,2021-12-04,1348.19637
2898,2021-12-05,1347.13098
2899,2021-12-06,1342.72122
2900,2021-12-07,1347.40676
2901,2021-12-08,1350.31418
2902,2021-12-09,1343.32512
2903,2021-12-10,1343.72574
2904,2021-12-11,1343.72574
2905,2021-12-12,1345.10864
2906,2021-12-13,1351.54015
2907,2021-12-14,1339.82003
2908,2021-12-15,1342.02689
2909,2021-12-16,1350.246
2910,2021-12-17,1358.62264
2911,2021-12-18,1358.62264
2912,2021-12-19,1360.87049
2913,2021-12-20,1356.16495
2914,2021-12-21,1349.45325
2915,2021-12-22,1350.93008
2916,2021-12-23,1348.68558
2917,2021-12-24,1349.67228
2918,2021-12-25,1349.67228
2919,2021-12-26,1348.51803
2920,2021-12-27,1348.48581
2921,2021-12-28,1344.7004
2922,2021-12-29,1337.18729
2923,2021-12-30,1345.4571
2924,2021-12-31,1352.63461
2925,2022-01-01,1352.63461
2926,2022-01-02,1352.31429
2927,2022-01-03,1338.02833
2928,2022-01-04,1340.72683
2929,2022-01-05,1335.45065
2930,2022-01-06,1323.63732
2931,2022-01-07,1321.90319
2932,2022-01-08,1321.90319
2933,2022-01-09,1320.83323
2934,2022-01-10,1326.6159
2935,2022-01-11,1335.48626
2936,2022-01-12,1331.88136
2937,2022-01-13,1327.87955
2938,2022-01-14,1329.05955
2939,2022-01-15,1329.05955
2940,2022-01-16,1328.48576
2941,2022-01-17,1333.06102
2942,2022-01-18,1334.18626
2943,2022-01-19,1350.92579
2944,2022-01-20,1352.39307
2945,2022-01-21,1353.5162
2946,2022-01-22,1353.5162
2947,2022-01-23,1353.67806
2948,2022-01-24,1366.7445
2949,2022-01-25,1369.03599
2950,2022-01-26,1352.90208
2951,2022-01-27,1342.36583
2952,2022-01-28,1337.54847
2953,2022-01-29,1337.54847
2954,2022-01-30,1335.26827
2955,2022-01-31,1337.12156
2956,2022-02-01,1331.54768
2957,2022-02-02,1332.89099
2958,2022-02-03,1327.93649
2959,2022-02-04,1335.94417
2960,2022-02-05,1335.94417
2961,2022-02-06,1337.7287
2962,2022-02-07,1345.95425
2963,2022-02-08,1347.85738
2964,2022-02-09,1354.21978
2965,2022-02-10,1348.27629
2966,2022-02-11,1371.22218
2967,2022-02-12,1371.22218
2968,2022-02-13,1370.23881
2969,2022-02-14,1382.79391
2970,2022-02-15,1368.61113
2971,2022-02-16,1376.98158
2972,2022-02-17,1395.62026
2973,2022-02-18,1396.40624
2974,2022-02-19,1396.40624
2975,2022-02-20,1402.02776
2976,2022-02-21,1404.65525
2977,2022-02-22,1396.99167
2978,2022-02-23,1410.7396
2979,2022-02-24,1426.10084
2980,2022-02-25,1407.80361
2981,2022-02-26,1407.80361
2982,2022-02-27,1428.34868
2983,2022-02-28,1420.23171
2984,2022-03-01,1456.67532
2985,2022-03-02,1440.00985
2986,2022-03-03,1449.37567
2987,2022-03-04,1488.56819
2988,2022-03-05,1488.56819
2989,2022-03-06,1505.20337
2990,2022-03-07,1524.37271
2991,2022-03-08,1560.48646
2992,2022-03-09,1509.23991
2993,2022-03-10,1523.10029
2994,2022-03-11,1522.74592
2995,2022-03-12,1522.74592
2996,2022-03-13,1512.86413
2997,2022-03-14,1500.59375
2998,2022-03-15,1470.08478
2999,2022-03-16,1466.16722
3000,2022-03-17,1477.10312
3001,2022-03-18,1457.72294
3002,2022-03-19,1457.72294
3003,2022-03-20,1458.19639
3004,2022-03-21,1469.95573
3005,2022-03-22,1447.02783
3006,2022-03-23,1473.68262
3007,2022-03-24,1485.12983
3008,2022-03-25,1485.01504
3009,2022-03-26,1485.01504
3010,2022-03-27,1484.62569
3011,2022-03-28,1467.95046
3012,2022-03-29,1465.67744
3013,2022-03-30,1471.04872
3014,2022-03-31,1472.15102
3015,2022-04-01,1467.45919
3016,2022-04-02,1467.45919
3017,2022-04-03,1467.50507
3018,2022-04-04,1474.24508
3019,2022-04-05,1471.35516
3020,2022-04-06,1472.22318
3021,2022-04-07,1477.37227
3022,2022-04-08,1495.52052
3023,2022-04-09,1495.52052
3024,2022-04-10,1493.00765
3025,2022-04-11,1498.52816
3026,2022-04-12,1512.67152
3027,2022-04-13,1508.27508
3028,2022-04-14,1509.30827
3029,2022-04-15,1510.68325
3030,2022-04-16,1510.68325
3031,2022-04-17,1514.68922
3032,2022-04-18,1519.83796
3033,2022-04-19,1499.01038
3034,2022-04-20,1496.01444
3035,2022-04-21,1497.52927
3036,2022-04-22,1506.66677
3037,2022-04-23,1506.66677
3038,2022-04-24,1504.55948
3039,2022-04-25,1490.96504
3040,2022-04-26,1514.29105
3041,2022-04-27,1503.57755
3042,2022-04-28,1519.26465
3043,2022-04-29,1508.25988
3044,2022-04-30,1508.25988
3045,2022-05-01,1508.69634
3046,2022-05-02,1491.21972
3047,2022-05-03,1494.98804
3048,2022-05-04,1493.43459
3049,2022-05-05,1517.81384
3050,2022-05-06,1524.2606
3051,2022-05-07,1524.2606
3052,2022-05-08,1525.23181
3053,2022-05-09,1502.68048
3054,2022-05-10,1493.00458
3055,2022-05-11,1512.65787
3056,2022-05-12,1491.81712
3057,2022-05-13,1477.45342
3058,2022-05-14,1477.45342
3059,2022-05-15,1477.99101
3060,2022-05-16,1480.55741
3061,2022-05-17,1452.4997
3062,2022-05-18,1471.05133
3063,2022-05-19,1477.49204
3064,2022-05-20,1479.5035
3065,2022-05-21,1479.5035
3066,2022-05-22,1477.4054
3067,2022-05-23,1473.67417
3068,2022-05-24,1487.66761
3069,2022-05-25,1471.65444
3070,2022-05-26,1468.69992
3071,2022-05-27,1468.16752
3072,2022-05-28,1468.16752
3073,2022-05-29,1465.42524
3074,2022-05-30,1465.9209
3075,2022-05-31,1457.48444
3076,2022-06-01,1479.30316
3077,2022-06-02,1486.56815
3078,2022-06-03,1482.46633
3079,2022-06-04,1482.46633
3080,2022-06-05,1482.02271
3081,2022-06-06,1469.79764
3082,2022-06-07,1471.33237
3083,2022-06-08,1478.49473
3084,2022-06-09,1478.52387
3085,2022-06-10,1520.66643
3086,2022-06-11,1520.66643
3087,2022-06-12,1525.83742
3088,2022-06-13,1500.99309
3089,2022-06-14,1506.43196
3090,2022-06-15,1507.54013
3091,2022-06-16,1499.54417
3092,2022-06-17,1505.93838
3093,2022-06-18,1505.93838
3094,2022-06-19,1503.98348
3095,2022-06-20,1499.65526
3096,2022-06-21,1491.66541
3097,2022-06-22,1498.73188
3098,2022-06-23,1487.04925
3099,2022-06-24,1488.50299
3100,2022-06-25,1488.50299
3101,2022-06-26,1492.15622
3102,2022-06-27,1485.58758
3103,2022-06-28,1493.05604
3104,2022-06-29,1499.87009
3105,2022-06-30,1484.35471
3106,2022-07-01,1495.90757
3107,2022-07-02,1495.90757
3108,2022-07-03,1494.54325
3109,2022-07-04,1494.15558
3110,2022-07-05,1479.12415
3111,2022-07-06,1458.35482
3112,2022-07-07,1446.54431
3113,2022-07-08,1449.17672
3114,2022-07-09,1449.17672
3115,2022-07-10,1453.38827
3116,2022-07-11,1457.90498
3117,2022-07-12,1452.63238
3118,2022-07-13,1459.46765
3119,2022-07-14,1446.35209
3120,2022-07-15,1440.48382
3121,2022-07-16,1440.48382
3122,2022-07-17,1439.38513
3123,2022-07-18,1429.43761
3124,2022-07-19,1425.85019
3125,2022-07-20,1415.7567
3126,2022-07-21,1432.01224
3127,2022-07-22,1439.55128
3128,2022-07-23,1439.55128
3129,2022-07-24,1439.55128
3130,2022-07-25,1439.55128
3131,2022-07-26,1439.55128
3132,2022-07-27,1439.55128
3133,2022-07-28,1439.55128
3134,2022-07-29,1439.55128
3135,2022-07-30,1439.55128
3136,2022-07-31,1450.12439
3137,2022-08-01,1450.12439
3138,2022-08-02,1450.12439
3139,2022-08-03,1450.12439
3140,2022-08-04,1450.12439
3141,2022-08-05,1450.12439
3142,2022-08-06,1474.12804
3143,2022-08-07,1470.4947
3144,2022-08-08,1470.4947
3145,2022-08-09,1470.4947
3146,2022-08-10,1465.45402
3147,2022-08-11,1465.54643
3148,2022-08-12,1484.56912
3149,2022-08-13,1484.56912
3150,2022-08-14,1483.87283
3151,2022-08-15,1475.52714
3152,2022-08-16,1467.5804
3153,2022-08-17,1463.00539
3154,2022-08-18,1473.05028
3155,2022-08-19,1476.94461
3156,2022-08-20,1476.94461
3157,2022-08-21,1477.99498
3158,2022-08-22,1474.91578
3159,2022-08-23,1475.78339
3160,2022-08-24,1484.98313
3161,2022-08-25,1484.87703
3162,2022-08-26,1481.08136
3163,2022-08-27,1481.08136
3164,2022-08-28,1482.12975
3165,2022-08-29,1484.0309
3166,2022-08-30,1478.42054
3167,2022-08-31,1472.69181
3168,2022-09-01,1469.13623
3169,2022-09-02,1487.64172
3170,2022-09-03,1487.64172
3171,2022-09-04,1489.20158
3172,2022-09-05,1483.34466
3173,2022-09-06,1477.32682
3174,2022-09-07,1488.59688
3175,2022-09-08,1484.91337
3176,2022-09-09,1482.07799
3177,2022-09-10,1482.07799
3178,2022-09-11,1480.74281
3179,2022-09-12,1476.30846
3180,2022-09-13,1481.20667
3181,2022-09-14,1470.10627
3182,2022-09-15,1450.52496
3183,2022-09-16,1467.74511
3184,2022-09-17,1467.74511
3185,2022-09-18,1468.82575
3186,2022-09-19,1464.88571
3187,2022-09-20,1463.99529
3188,2022-09-21,1483.0217
3189,2022-09-22,1485.18226
3190,2022-09-23,1516.3043
3191,2022-09-24,1516.3043
3192,2022-09-25,1515.77297
3193,2022-09-26,1521.49083
3194,2022-09-27,1521.77871
3195,2022-09-28,1526.92832
3196,2022-09-29,1492.27353
3197,2022-09-30,1487.50784
3198,2022-10-01,1487.50784
3199,2022-10-02,1492.69734
3200,2022-10-03,1501.23159
3201,2022-10-04,1504.83917
3202,2022-10-05,1515.28608
3203,2022-10-06,1533.68899
3204,2022-10-07,1527.99488
3205,2022-10-08,1527.99488
3206,2022-10-09,1533.3782
3207,2022-10-10,1508.27324
3208,2022-10-11,1516.9684
3209,2022-10-12,1508.08741
3210,2022-10-13,1469.91972
3211,2022-10-14,1470.93496
3212,2022-10-15,1470.93496
3213,2022-10-16,1464.6177
3214,2022-10-17,1453.47122
3215,2022-10-18,1458.35172
3216,2022-10-19,1452.47973
3217,2022-10-20,1448.53714
3218,2022-10-21,1467.16181
3219,2022-10-22,1467.16181
3220,2022-10-23,1463.68107
3221,2022-10-24,1460.49717
3222,2022-10-25,1441.70296
3223,2022-10-26,1433.41039
3224,2022-10-27,1436.6499
3225,2022-10-28,1416.36072
3226,2022-10-29,1416.36072
3227,2022-10-30,1417.85215
3228,2022-10-31,1423.3345
3229,2022-11-01,1433.49957
3230,2022-11-02,1435.32042
3231,2022-11-03,1459.30547
3232,2022-11-04,1478.58615
3233,2022-11-05,1478.58615
3234,2022-11-06,1476.22556
3235,2022-11-07,1454.15333
3236,2022-11-08,1481.66746
3237,2022-11-09,1501.11056
3238,2022-11-10,1498.33465
3239,2022-11-11,1495.70342
3240,2022-11-12,1495.70342
3241,2022-11-13,1494.41421
3242,2022-11-14,1505.85808
3243,2022-11-15,1499.1498
3244,2022-11-16,1489.01348
3245,2022-11-17,1484.6746
3246,2022-11-18,1472.03428
3247,2022-11-19,1472.03428
3248,2022-11-20,1474.44899
3249,2022-11-21,1470.13313
3250,2022-11-22,1464.11966
3251,2022-11-23,1451.3526
3252,2022-11-24,1449.5531
3253,2022-11-25,1451.49763
3254,2022-11-26,1451.49763
3255,2022-11-27,1452.56365
3256,2022-11-28,1455.77114
3257,2022-11-29,1463.86341
3258,2022-11-30,1469.11725
3259,2022-12-01,1470.43298
3260,2022-12-02,1463.33973
3261,2022-12-03,1463.33973
3262,2022-12-04,1463.7043
3263,2022-12-05,1451.08829
3264,2022-12-06,1459.63322
3265,2022-12-07,1463.87269
3266,2022-12-08,1462.70493
3267,2022-12-09,1464.78655
3268,2022-12-10,1464.78655
3269,2022-12-11,1466.9677
3270,2022-12-12,1452.83473
3271,2022-12-13,1464.98262
3272,2022-12-14,1455.6908
3273,2022-12-15,1457.13044
3274,2022-12-16,1476.79671
3275,2022-12-17,1476.79671
3276,2022-12-18,1473.22956
3277,2022-12-19,1470.54516
3278,2022-12-20,1491.01612
3279,2022-12-21,1502.91899
3280,2022-12-22,1490.07514
3281,2022-12-23,1492.34427
3282,2022-12-24,1492.34427
3283,2022-12-25,1492.34427
3284,2022-12-26,1491.28702
3285,2022-12-27,1507.112
3286,2022-12-28,1501.21781
3287,2022-12-29,1505.72782
3288,2022-12-30,1508.16725
3289,2022-12-31,1508.16725
