,Date,oil
0,2014-01-01,98.68
1,2014-01-02,95.42
2,2014-01-03,94.225
3,2014-01-04,94.225
4,2014-01-05,94.18
5,2014-01-06,93.68
6,2014-01-07,93.955
7,2014-01-08,92.54
8,2014-01-09,92.31
9,2014-01-10,92.825
10,2014-01-11,92.825
11,2014-01-12,92.815
12,2014-01-13,91.655
13,2014-01-14,92.555
14,2014-01-15,94.49
15,2014-01-16,94.19
16,2014-01-17,94.315
17,2014-01-18,94.315
18,2014-01-19,94.305
19,2014-01-20,93.935
20,2014-01-21,95.185
21,2014-01-22,96.625
22,2014-01-23,97.225
23,2014-01-24,96.88
24,2014-01-25,96.88
25,2014-01-26,97.095
26,2014-01-27,95.705
27,2014-01-28,97.115
28,2014-01-29,97.625
29,2014-01-30,98.04
30,2014-01-31,97.475
31,2014-02-01,97.475
32,2014-02-02,97.21
33,2014-02-03,96.625
34,2014-02-04,97.765
35,2014-02-05,97.48
36,2014-02-06,97.915
37,2014-02-07,100.085
38,2014-02-08,100.085
39,2014-02-09,100.285
40,2014-02-10,99.99
41,2014-02-11,100.445
42,2014-02-12,100.29
43,2014-02-13,100.22
44,2014-02-14,100.36
45,2014-02-15,100.36
46,2014-02-16,100.765
47,2014-02-17,100.6
48,2014-02-18,102.455
49,2014-02-19,102.86
50,2014-02-20,102.775
51,2014-02-21,102.38
52,2014-02-22,102.38
53,2014-02-23,102.515
54,2014-02-24,102.625
55,2014-02-25,101.985
56,2014-02-26,102.345
57,2014-02-27,101.965
58,2014-02-28,102.645
59,2014-03-01,102.645
60,2014-03-02,104.49
61,2014-03-03,104.655
62,2014-03-04,103.32
63,2014-03-05,100.99
64,2014-03-06,101.805
65,2014-03-07,102.64
66,2014-03-08,102.64
67,2014-03-09,102.405
68,2014-03-10,100.93
69,2014-03-11,99.46
70,2014-03-12,98.105
71,2014-03-13,98.155
72,2014-03-14,99.01
73,2014-03-15,99.01
74,2014-03-16,99.12
75,2014-03-17,97.525
76,2014-03-18,98.485
77,2014-03-19,99.155
78,2014-03-20,98.685
79,2014-03-21,99.62
80,2014-03-22,99.62
81,2014-03-23,99.21
82,2014-03-24,99.365
83,2014-03-25,99.275
84,2014-03-26,100.17
85,2014-03-27,101.365
86,2014-03-28,101.585
87,2014-03-29,101.585
88,2014-03-30,101.47
89,2014-03-31,101.405
90,2014-04-01,99.625
91,2014-04-02,99.285
92,2014-04-03,100.39
93,2014-04-04,101.1
94,2014-04-05,101.1
95,2014-04-06,100.96
96,2014-04-07,100.77
97,2014-04-08,102.315
98,2014-04-09,103.375
99,2014-04-10,103.335
100,2014-04-11,103.375
101,2014-04-12,103.375
102,2014-04-13,104.03
103,2014-04-14,103.535
104,2014-04-15,103.85
105,2014-04-16,103.86
106,2014-04-17,103.68
107,2014-04-18,103.68
108,2014-04-19,103.68
109,2014-04-20,103.495
110,2014-04-21,103.53
111,2014-04-22,101.98
112,2014-04-23,101.54
113,2014-04-24,101.855
114,2014-04-25,100.675
115,2014-04-26,100.675
116,2014-04-27,100.825
117,2014-04-28,100.85
118,2014-04-29,100.695
119,2014-04-30,99.765
120,2014-05-01,99.315
121,2014-05-02,99.93
122,2014-05-03,99.93
123,2014-05-04,99.755
124,2014-05-05,99.395
125,2014-05-06,99.845
126,2014-05-07,100.855
127,2014-05-08,100.265
128,2014-05-09,100.055
129,2014-05-10,100.055
130,2014-05-11,100.015
131,2014-05-12,100.55
132,2014-05-13,101.865
133,2014-05-14,101.965
134,2014-05-15,101.595
135,2014-05-16,101.68
136,2014-05-17,101.68
137,2014-05-18,101.565
138,2014-05-19,102.015
139,2014-05-20,102.895
140,2014-05-21,103.795
141,2014-05-22,103.685
142,2014-05-23,104.365
143,2014-05-24,104.365
144,2014-05-25,104.245
145,2014-05-26,104.24
146,2014-05-27,104.075
147,2014-05-28,103.005
148,2014-05-29,103.495
149,2014-05-30,102.895
150,2014-05-31,102.895
151,2014-06-01,102.925
152,2014-06-02,102.615
153,2014-06-03,102.895
154,2014-06-04,102.225
155,2014-06-05,102.445
156,2014-06-06,102.785
157,2014-06-07,102.785
158,2014-06-08,102.645
159,2014-06-09,104.535
160,2014-06-10,104.325
161,2014-06-11,104.49
162,2014-06-12,106.94
163,2014-06-13,106.785
164,2014-06-14,106.785
165,2014-06-15,107.325
166,2014-06-16,106.685
167,2014-06-17,106.015
168,2014-06-18,105.915
169,2014-06-19,106.105
170,2014-06-20,106.65
171,2014-06-21,106.65
172,2014-06-22,107.185
173,2014-06-23,106.03
174,2014-06-24,106.965
175,2014-06-25,106.765
176,2014-06-26,105.63
177,2014-06-27,105.745
178,2014-06-28,105.745
179,2014-06-29,105.485
180,2014-06-30,105.535
181,2014-07-01,105.275
182,2014-07-02,104.185
183,2014-07-03,104.105
184,2014-07-04,103.795
185,2014-07-05,103.795
186,2014-07-06,103.785
187,2014-07-07,103.405
188,2014-07-08,103.465
189,2014-07-09,101.845
190,2014-07-10,102.805
191,2014-07-11,100.53
192,2014-07-12,100.53
193,2014-07-13,100.865
194,2014-07-14,100.925
195,2014-07-15,100.185
196,2014-07-16,101.415
197,2014-07-17,103.885
198,2014-07-18,101.76
199,2014-07-19,101.76
200,2014-07-20,101.76
201,2014-07-21,102.745
202,2014-07-22,101.945
203,2014-07-23,103.205
204,2014-07-24,101.995
205,2014-07-25,101.955
206,2014-07-26,101.955
207,2014-07-27,101.775
208,2014-07-28,101.505
209,2014-07-29,100.95
210,2014-07-30,99.395
211,2014-07-31,97.735
212,2014-08-01,97.625
213,2014-08-02,97.625
214,2014-08-03,97.715
215,2014-08-04,98.435
216,2014-08-05,97.675
217,2014-08-06,96.885
218,2014-08-07,97.435
219,2014-08-08,97.505
220,2014-08-09,97.505
221,2014-08-10,97.71
222,2014-08-11,97.845
223,2014-08-12,97.245
224,2014-08-13,97.335
225,2014-08-14,95.565
226,2014-08-15,97.195
227,2014-08-16,97.195
228,2014-08-17,96.885
229,2014-08-18,93.935
230,2014-08-19,92.865
231,2014-08-20,93.615
232,2014-08-21,93.87
233,2014-08-22,93.365
234,2014-08-23,93.365
235,2014-08-24,93.415
236,2014-08-25,93.41
237,2014-08-26,93.855
238,2014-08-27,93.755
239,2014-08-28,94.555
240,2014-08-29,95.86
241,2014-08-30,95.86
242,2014-08-31,95.765
243,2014-09-01,95.835
244,2014-09-02,93.125
245,2014-09-03,95.155
246,2014-09-04,94.545
247,2014-09-05,93.425
248,2014-09-06,93.425
249,2014-09-07,93.48
250,2014-09-08,93.145
251,2014-09-09,93.0
252,2014-09-10,91.895
253,2014-09-11,93.035
254,2014-09-12,92.26
255,2014-09-13,92.26
256,2014-09-14,91.895
257,2014-09-15,92.785
258,2014-09-16,94.685
259,2014-09-17,92.735
260,2014-09-18,91.955
261,2014-09-19,91.81
262,2014-09-20,91.81
263,2014-09-21,91.625
264,2014-09-22,90.905
265,2014-09-23,91.645
266,2014-09-24,92.905
267,2014-09-25,92.475
268,2014-09-26,93.405
269,2014-09-27,93.405
270,2014-09-28,93.065
271,2014-09-29,94.275
272,2014-09-30,91.485
273,2014-10-01,90.87
274,2014-10-02,91.085
275,2014-10-03,89.705
276,2014-10-04,89.705
277,2014-10-05,89.465
278,2014-10-06,90.405
279,2014-10-07,88.545
280,2014-10-08,87.82
281,2014-10-09,84.68
282,2014-10-10,85.515
283,2014-10-11,85.515
284,2014-10-12,84.47
285,2014-10-13,84.935
286,2014-10-14,82.365
287,2014-10-15,80.94
288,2014-10-16,83.01
289,2014-10-17,82.275
290,2014-10-18,82.275
291,2014-10-19,82.69
292,2014-10-20,81.9
293,2014-10-21,82.76
294,2014-10-22,80.4
295,2014-10-23,81.855
296,2014-10-24,81.315
297,2014-10-25,81.315
298,2014-10-26,81.05
299,2014-10-27,80.665
300,2014-10-28,81.485
301,2014-10-29,81.97
302,2014-10-30,80.97
303,2014-10-31,80.655
304,2014-11-01,80.655
305,2014-11-02,80.525
306,2014-11-03,78.275
307,2014-11-04,77.36
308,2014-11-05,78.855
309,2014-11-06,77.865
310,2014-11-07,78.44
311,2014-11-08,78.44
312,2014-11-09,78.735
313,2014-11-10,77.215
314,2014-11-11,77.56
315,2014-11-12,76.975
316,2014-11-13,74.345
317,2014-11-14,75.9
318,2014-11-15,75.9
319,2014-11-16,75.625
320,2014-11-17,75.405
321,2014-11-18,74.275
322,2014-11-19,74.315
323,2014-11-20,76.605
324,2014-11-21,76.675
325,2014-11-22,76.675
326,2014-11-23,76.56
327,2014-11-24,75.67
328,2014-11-25,73.78
329,2014-11-26,73.545
330,2014-11-27,68.545
331,2014-11-28,66.11
332,2014-11-29,66.11
333,2014-11-30,64.3
334,2014-12-01,69.025
335,2014-12-02,67.75
336,2014-12-03,67.465
337,2014-12-04,66.63
338,2014-12-05,65.61
339,2014-12-06,65.61
340,2014-12-07,64.82
341,2014-12-08,62.895
342,2014-12-09,63.25
343,2014-12-10,61.125
344,2014-12-11,59.175
345,2014-12-12,57.465
346,2014-12-13,57.465
347,2014-12-14,56.595
348,2014-12-15,55.705
349,2014-12-16,55.35
350,2014-12-17,56.73
351,2014-12-18,55.125
352,2014-12-19,57.87
353,2014-12-20,57.87
354,2014-12-21,57.335
355,2014-12-22,55.34
356,2014-12-23,56.76
357,2014-12-24,55.275
358,2014-12-25,55.895
359,2014-12-26,55.1
360,2014-12-27,55.1
361,2014-12-28,55.205
362,2014-12-29,53.58
363,2014-12-30,53.715
364,2014-12-31,52.855
365,2015-01-01,54.57
366,2015-01-02,52.64
367,2015-01-03,52.64
368,2015-01-04,52.23
369,2015-01-05,50.085
370,2015-01-06,47.95
371,2015-01-07,48.575
372,2015-01-08,49.33
373,2015-01-09,48.17
374,2015-01-10,48.17
375,2015-01-11,47.7
376,2015-01-12,45.74
377,2015-01-13,46.035
378,2015-01-14,49.445
379,2015-01-15,46.65
380,2015-01-16,48.92
381,2015-01-17,48.92
382,2015-01-18,48.84
383,2015-01-19,47.78
384,2015-01-20,46.755
385,2015-01-21,47.29
386,2015-01-22,47.325
387,2015-01-23,45.315
388,2015-01-24,45.315
389,2015-01-25,44.455
390,2015-01-26,45.165
391,2015-01-27,45.49
392,2015-01-28,44.46
393,2015-01-29,44.585
394,2015-01-30,47.705
395,2015-01-31,47.705
396,2015-02-01,47.335
397,2015-02-02,50.38
398,2015-02-03,51.875
399,2015-02-04,48.615
400,2015-02-05,51.29
401,2015-02-06,52.135
402,2015-02-07,52.135
403,2015-02-08,52.715
404,2015-02-09,52.485
405,2015-02-10,50.77
406,2015-02-11,49.25
407,2015-02-12,51.235
408,2015-02-13,52.67
409,2015-02-14,52.67
410,2015-02-15,53.2
411,2015-02-16,52.82
412,2015-02-17,53.93
413,2015-02-18,51.245
414,2015-02-19,51.955
415,2015-02-20,50.78
416,2015-02-21,50.78
417,2015-02-22,50.4
418,2015-02-23,49.375
419,2015-02-24,49.21
420,2015-02-25,50.905
421,2015-02-26,48.875
422,2015-02-27,49.43
423,2015-02-28,49.43
424,2015-03-01,49.38
425,2015-03-02,49.81
426,2015-03-03,50.475
427,2015-03-04,51.655
428,2015-03-05,50.96
429,2015-03-06,49.725
430,2015-03-07,49.725
431,2015-03-08,49.38
432,2015-03-09,49.915
433,2015-03-10,48.74
434,2015-03-11,48.39
435,2015-03-12,47.07
436,2015-03-13,45.005
437,2015-03-14,45.005
438,2015-03-15,43.82
439,2015-03-16,43.81
440,2015-03-17,44.595
441,2015-03-18,46.605
442,2015-03-19,45.62
443,2015-03-20,46.465
444,2015-03-21,46.465
445,2015-03-22,46.015
446,2015-03-23,47.365
447,2015-03-24,47.385
448,2015-03-25,48.885
449,2015-03-26,51.095
450,2015-03-27,48.505
451,2015-03-28,48.505
452,2015-03-29,48.175
453,2015-03-30,48.575
454,2015-03-31,47.69
455,2015-04-01,49.505
456,2015-04-02,49.525
457,2015-04-03,49.525
458,2015-04-04,49.525
459,2015-04-05,49.71
460,2015-04-06,51.9
461,2015-04-07,52.865
462,2015-04-08,50.915
463,2015-04-09,50.7
464,2015-04-10,51.705
465,2015-04-11,51.705
466,2015-04-12,51.565
467,2015-04-13,51.94
468,2015-04-14,53.49
469,2015-04-15,56.05
470,2015-04-16,56.6
471,2015-04-17,57.605
472,2015-04-18,57.605
473,2015-04-19,57.825
474,2015-04-20,57.785
475,2015-04-21,56.325
476,2015-04-22,56.28
477,2015-04-23,57.58
478,2015-04-24,57.29
479,2015-04-25,57.29
480,2015-04-26,57.205
481,2015-04-27,56.65
482,2015-04-28,56.915
483,2015-04-29,58.58
484,2015-04-30,59.8
485,2015-05-01,59.195
486,2015-05-02,59.195
487,2015-05-03,59.18
488,2015-05-04,58.995
489,2015-05-05,60.775
490,2015-05-06,60.405
491,2015-05-07,59.025
492,2015-05-08,59.415
493,2015-05-09,59.415
494,2015-05-10,59.25
495,2015-05-11,59.315
496,2015-05-12,61.275
497,2015-05-13,60.08
498,2015-05-14,60.675
499,2015-05-15,60.79
500,2015-05-16,60.79
501,2015-05-17,60.62
502,2015-05-18,60.295
503,2015-05-19,58.395
504,2015-05-20,58.735
505,2015-05-21,60.74
506,2015-05-22,59.895
507,2015-05-23,59.895
508,2015-05-24,59.93
509,2015-05-25,59.89
510,2015-05-26,58.45
511,2015-05-27,57.725
512,2015-05-28,58.205
513,2015-05-29,60.29
514,2015-05-30,60.29
515,2015-05-31,59.945
516,2015-06-01,60.2
517,2015-06-02,60.935
518,2015-06-03,59.66
519,2015-06-04,57.94
520,2015-06-05,58.965
521,2015-06-06,58.965
522,2015-06-07,58.785
523,2015-06-08,58.275
524,2015-06-09,60.545
525,2015-06-10,61.065
526,2015-06-11,60.545
527,2015-06-12,60.03
528,2015-06-13,60.03
529,2015-06-14,59.695
530,2015-06-15,59.575
531,2015-06-16,60.015
532,2015-06-17,60.165
533,2015-06-18,60.86
534,2015-06-19,59.755
535,2015-06-20,59.755
536,2015-06-21,59.71
537,2015-06-22,60.155
538,2015-06-23,61.135
539,2015-06-24,60.215
540,2015-06-25,59.66
541,2015-06-26,59.635
542,2015-06-27,59.635
543,2015-06-28,58.805
544,2015-06-29,58.27
545,2015-06-30,59.005
546,2015-07-01,56.97
547,2015-07-02,56.565
548,2015-07-03,55.54
549,2015-07-04,55.54
550,2015-07-05,54.925
551,2015-07-06,52.89
552,2015-07-07,52.78
553,2015-07-08,51.935
554,2015-07-09,52.82
555,2015-07-10,52.845
556,2015-07-11,52.845
557,2015-07-12,51.92
558,2015-07-13,51.995
559,2015-07-14,53.345
560,2015-07-15,51.67
561,2015-07-16,51.315
562,2015-07-17,51.13
563,2015-07-18,51.13
564,2015-07-19,51.22
565,2015-07-20,50.315
566,2015-07-21,50.595
567,2015-07-22,49.25
568,2015-07-23,48.735
569,2015-07-24,48.055
570,2015-07-25,48.055
571,2015-07-26,48.09
572,2015-07-27,47.07
573,2015-07-28,47.725
574,2015-07-29,48.97
575,2015-07-30,48.545
576,2015-07-31,46.805
577,2015-08-01,46.805
578,2015-08-02,46.75
579,2015-08-03,45.405
580,2015-08-04,45.875
581,2015-08-05,45.185
582,2015-08-06,44.78
583,2015-08-07,43.79
584,2015-08-08,43.79
585,2015-08-09,43.575
586,2015-08-10,44.805
587,2015-08-11,43.27
588,2015-08-12,43.385
589,2015-08-13,41.96
590,2015-08-14,42.13
591,2015-08-15,42.13
592,2015-08-16,42.045
593,2015-08-17,42.39
594,2015-08-18,42.815
595,2015-08-19,41.07
596,2015-08-20,41.085
597,2015-08-21,40.235
598,2015-08-22,40.235
599,2015-08-23,40.33
600,2015-08-24,38.37
601,2015-08-25,39.515
602,2015-08-26,39.095
603,2015-08-27,42.645
604,2015-08-28,45.245
605,2015-08-29,45.245
606,2015-08-30,44.715
607,2015-08-31,47.745
608,2015-09-01,44.01
609,2015-09-02,46.145
610,2015-09-03,46.675
611,2015-09-04,45.685
612,2015-09-05,45.685
613,2015-09-06,45.76
614,2015-09-07,44.49
615,2015-09-08,45.595
616,2015-09-09,44.17
617,2015-09-10,45.535
618,2015-09-11,44.77
619,2015-09-12,44.77
620,2015-09-13,44.845
621,2015-09-14,44.17
622,2015-09-15,45.025
623,2015-09-16,47.44
624,2015-09-17,47.14
625,2015-09-18,45.235
626,2015-09-19,45.235
627,2015-09-20,45.15
628,2015-09-21,46.565
629,2015-09-22,46.535
630,2015-09-23,44.68
631,2015-09-24,45.005
632,2015-09-25,45.34
633,2015-09-26,45.34
634,2015-09-27,45.415
635,2015-09-28,44.515
636,2015-09-29,44.88
637,2015-09-30,45.27
638,2015-10-01,45.15
639,2015-10-02,45.635
640,2015-10-03,45.635
641,2015-10-04,45.245
642,2015-10-05,46.255
643,2015-10-06,48.765
644,2015-10-07,48.325
645,2015-10-08,49.595
646,2015-10-09,49.505
647,2015-10-10,49.505
648,2015-10-11,49.82
649,2015-10-12,47.585
650,2015-10-13,46.695
651,2015-10-14,46.31
652,2015-10-15,47.425
653,2015-10-16,47.71
654,2015-10-17,47.71
655,2015-10-18,47.875
656,2015-10-19,46.52
657,2015-10-20,45.955
658,2015-10-21,45.18
659,2015-10-22,45.365
660,2015-10-23,44.75
661,2015-10-24,44.75
662,2015-10-25,44.605
663,2015-10-26,43.875
664,2015-10-27,43.33
665,2015-10-28,46.01
666,2015-10-29,45.76
667,2015-10-30,46.395
668,2015-10-31,46.395
669,2015-11-01,46.24
670,2015-11-02,46.335
671,2015-11-03,47.8
672,2015-11-04,46.49
673,2015-11-05,45.445
674,2015-11-06,44.53
675,2015-11-07,44.53
676,2015-11-08,44.335
677,2015-11-09,44.135
678,2015-11-10,43.675
679,2015-11-11,43.1
680,2015-11-12,41.655
681,2015-11-13,40.735
682,2015-11-14,40.735
683,2015-11-15,40.9
684,2015-11-16,41.855
685,2015-11-17,42.025
686,2015-11-18,42.17
687,2015-11-19,41.93
688,2015-11-20,41.475
689,2015-11-21,41.475
690,2015-11-22,41.515
691,2015-11-23,42.105
692,2015-11-24,42.715
693,2015-11-25,43.08
694,2015-11-26,42.59
695,2015-11-27,41.76
696,2015-11-28,41.76
697,2015-11-29,41.825
698,2015-11-30,41.675
699,2015-12-01,41.66
700,2015-12-02,40.165
701,2015-12-03,41.335
702,2015-12-04,40.13
703,2015-12-05,40.13
704,2015-12-06,39.57
705,2015-12-07,37.765
706,2015-12-08,38.005
707,2015-12-09,37.395
708,2015-12-10,36.615
709,2015-12-11,35.35
710,2015-12-12,35.35
711,2015-12-13,35.525
712,2015-12-14,36.195
713,2015-12-15,36.815
714,2015-12-16,36.92
715,2015-12-17,36.11
716,2015-12-18,35.855
717,2015-12-19,35.855
718,2015-12-20,35.765
719,2015-12-21,35.865
720,2015-12-22,36.475
721,2015-12-23,37.825
722,2015-12-24,38.105
723,2015-12-25,38.105
724,2015-12-26,38.105
725,2015-12-27,37.91
726,2015-12-28,36.725
727,2015-12-29,37.265
728,2015-12-30,36.725
729,2015-12-31,37.475
730,2016-01-01,37.475
731,2016-01-02,37.475
732,2016-01-03,37.945
733,2016-01-04,36.875
734,2016-01-05,36.255
735,2016-01-06,34.22
736,2016-01-07,33.305
737,2016-01-08,32.885
738,2016-01-09,32.885
739,2016-01-10,32.545
740,2016-01-11,31.315
741,2016-01-12,30.705
742,2016-01-13,30.755
743,2016-01-14,32.03
744,2016-01-15,30.665
745,2016-01-16,30.665
746,2016-01-17,29.745
747,2016-01-18,30.035
748,2016-01-19,29.535
749,2016-01-20,28.575
750,2016-01-21,29.835
751,2016-01-22,32.25
752,2016-01-23,32.25
753,2016-01-24,32.355
754,2016-01-25,29.775
755,2016-01-26,30.645
756,2016-01-27,32.075
757,2016-01-28,33.535
758,2016-01-29,33.755
759,2016-01-30,33.755
760,2016-01-31,33.635
761,2016-02-01,31.315
762,2016-02-02,29.65
763,2016-02-03,32.47
764,2016-02-04,31.575
765,2016-02-05,30.995
766,2016-02-06,30.995
767,2016-02-07,30.825
768,2016-02-08,30.18
769,2016-02-09,28.385
770,2016-02-10,27.36
771,2016-02-11,27.295
772,2016-02-12,29.075
773,2016-02-13,29.075
774,2016-02-14,29.085
775,2016-02-15,30.61
776,2016-02-16,29.255
777,2016-02-17,33.71
778,2016-02-18,32.635
779,2016-02-19,31.955
780,2016-02-20,31.955
781,2016-02-21,31.805
782,2016-02-22,33.275
783,2016-02-23,31.4
784,2016-02-24,32.205
785,2016-02-25,33.075
786,2016-02-26,32.85
787,2016-02-27,32.85
788,2016-02-28,32.585
789,2016-02-29,33.755
790,2016-03-01,33.865
791,2016-03-02,34.635
792,2016-03-03,34.735
793,2016-03-04,36.31
794,2016-03-05,36.31
795,2016-03-06,36.265
796,2016-03-07,37.875
797,2016-03-08,36.49
798,2016-03-09,38.235
799,2016-03-10,38.03
800,2016-03-11,38.475
801,2016-03-12,38.475
802,2016-03-13,38.385
803,2016-03-14,37.305
804,2016-03-15,36.915
805,2016-03-16,40.335
806,2016-03-17,41.56
807,2016-03-18,41.15
808,2016-03-19,41.15
809,2016-03-20,40.825
810,2016-03-21,41.555
811,2016-03-22,41.125
812,2016-03-23,39.565
813,2016-03-24,39.585
814,2016-03-25,39.585
815,2016-03-26,39.585
816,2016-03-27,39.735
817,2016-03-28,39.44
818,2016-03-29,38.61
819,2016-03-30,38.06
820,2016-03-31,38.285
821,2016-04-01,36.645
822,2016-04-02,36.645
823,2016-04-03,36.335
824,2016-04-04,35.465
825,2016-04-05,36.565
826,2016-04-06,37.815
827,2016-04-07,37.605
828,2016-04-08,39.675
829,2016-04-09,39.675
830,2016-04-10,40.245
831,2016-04-11,40.205
832,2016-04-12,41.685
833,2016-04-13,41.645
834,2016-04-14,41.395
835,2016-04-15,41.765
836,2016-04-16,41.765
837,2016-04-17,39.445
838,2016-04-18,41.415
839,2016-04-19,41.915
840,2016-04-20,43.875
841,2016-04-21,43.385
842,2016-04-22,43.74
843,2016-04-23,43.74
844,2016-04-24,43.545
845,2016-04-25,42.975
846,2016-04-26,44.525
847,2016-04-27,45.19
848,2016-04-28,45.675
849,2016-04-29,45.995
850,2016-04-30,45.995
851,2016-05-01,45.58
852,2016-05-02,44.845
853,2016-05-03,43.755
854,2016-05-04,44.345
855,2016-05-05,44.455
856,2016-05-06,44.575
857,2016-05-07,44.575
858,2016-05-08,45.785
859,2016-05-09,43.325
860,2016-05-10,44.585
861,2016-05-11,45.945
862,2016-05-12,46.375
863,2016-05-13,46.36
864,2016-05-14,46.36
865,2016-05-15,46.255
866,2016-05-16,47.845
867,2016-05-17,49.185
868,2016-05-18,48.525
869,2016-05-19,48.875
870,2016-05-20,48.475
871,2016-05-21,48.475
872,2016-05-22,48.235
873,2016-05-23,48.095
874,2016-05-24,49.215
875,2016-05-25,49.625
876,2016-05-26,49.335
877,2016-05-27,49.575
878,2016-05-28,49.575
879,2016-05-29,49.695
880,2016-05-30,49.465
881,2016-05-31,48.915
882,2016-06-01,48.935
883,2016-06-02,49.035
884,2016-06-03,48.865
885,2016-06-04,48.865
886,2016-06-05,48.865
887,2016-06-06,49.615
888,2016-06-07,50.385
889,2016-06-08,51.515
890,2016-06-09,50.515
891,2016-06-10,48.87
892,2016-06-11,48.87
893,2016-06-12,48.725
894,2016-06-13,48.495
895,2016-06-14,47.805
896,2016-06-15,47.625
897,2016-06-16,46.63
898,2016-06-17,48.845
899,2016-06-18,48.845
900,2016-06-19,48.875
901,2016-06-20,49.875
902,2016-06-21,50.275
903,2016-06-22,49.385
904,2016-06-23,50.135
905,2016-06-24,47.6
906,2016-06-25,47.6
907,2016-06-26,47.33
908,2016-06-27,46.725
909,2016-06-28,48.335
910,2016-06-29,49.435
911,2016-06-30,48.435
912,2016-07-01,49.285
913,2016-07-02,49.285
914,2016-07-03,49.085
915,2016-07-04,48.595
916,2016-07-05,46.755
917,2016-07-06,47.855
918,2016-07-07,45.255
919,2016-07-08,45.135
920,2016-07-09,45.135
921,2016-07-10,45.205
922,2016-07-11,44.645
923,2016-07-12,46.445
924,2016-07-13,45.115
925,2016-07-14,45.415
926,2016-07-15,46.99
927,2016-07-16,46.99
928,2016-07-17,46.59
929,2016-07-18,45.955
930,2016-07-19,45.505
931,2016-07-20,45.645
932,2016-07-21,44.675
933,2016-07-22,44.25
934,2016-07-23,44.25
935,2016-07-24,44.14
936,2016-07-25,43.225
937,2016-07-26,42.715
938,2016-07-27,42.015
939,2016-07-28,41.015
940,2016-07-29,41.385
941,2016-07-30,41.385
942,2016-07-31,41.365
943,2016-08-01,40.125
944,2016-08-02,39.685
945,2016-08-03,41.145
946,2016-08-04,41.775
947,2016-08-05,41.98
948,2016-08-06,41.98
949,2016-08-07,41.905
950,2016-08-08,42.865
951,2016-08-09,42.715
952,2016-08-10,41.505
953,2016-08-11,43.605
954,2016-08-12,44.7
955,2016-08-13,44.7
956,2016-08-14,44.635
957,2016-08-15,45.64
958,2016-08-16,46.315
959,2016-08-17,47.545
960,2016-08-18,48.925
961,2016-08-19,49.085
962,2016-08-20,49.085
963,2016-08-21,48.685
964,2016-08-22,47.395
965,2016-08-23,47.535
966,2016-08-24,46.795
967,2016-08-25,47.345
968,2016-08-26,47.295
969,2016-08-27,47.295
970,2016-08-28,47.095
971,2016-08-29,47.065
972,2016-08-30,46.205
973,2016-08-31,44.875
974,2016-09-01,43.545
975,2016-09-02,44.245
976,2016-09-03,44.245
977,2016-09-04,44.205
978,2016-09-05,45.085
979,2016-09-06,44.735
980,2016-09-07,46.125
981,2016-09-08,47.305
982,2016-09-09,45.715
983,2016-09-10,45.715
984,2016-09-11,45.315
985,2016-09-12,46.015
986,2016-09-13,45.245
987,2016-09-14,43.725
988,2016-09-15,44.195
989,2016-09-16,43.805
990,2016-09-17,43.805
991,2016-09-18,44.045
992,2016-09-19,43.815
993,2016-09-20,44.875
994,2016-09-21,45.595
995,2016-09-22,45.93
996,2016-09-23,44.57
997,2016-09-24,44.57
998,2016-09-25,44.905
999,2016-09-26,45.69
1000,2016-09-27,44.955
1001,2016-09-28,47.135
1002,2016-09-29,47.785
1003,2016-09-30,48.05
1004,2016-10-01,48.05
1005,2016-10-02,47.875
1006,2016-10-03,48.785
1007,2016-10-04,49.195
1008,2016-10-05,49.665
1009,2016-10-06,50.53
1010,2016-10-07,49.575
1011,2016-10-08,49.575
1012,2016-10-09,49.425
1013,2016-10-10,51.255
1014,2016-10-11,50.755
1015,2016-10-12,49.845
1016,2016-10-13,50.61
1017,2016-10-14,50.315
1018,2016-10-15,50.315
1019,2016-10-16,50.085
1020,2016-10-17,50.545
1021,2016-10-18,51.115
1022,2016-10-19,51.745
1023,2016-10-20,50.635
1024,2016-10-21,50.985
1025,2016-10-22,50.985
1026,2016-10-23,50.665
1027,2016-10-24,50.45
1028,2016-10-25,49.355
1029,2016-10-26,49.245
1030,2016-10-27,49.64
1031,2016-10-28,48.67
1032,2016-10-29,48.67
1033,2016-10-30,48.345
1034,2016-10-31,46.855
1035,2016-11-01,46.375
1036,2016-11-02,45.675
1037,2016-11-03,44.745
1038,2016-11-04,44.125
1039,2016-11-05,44.125
1040,2016-11-06,44.545
1041,2016-11-07,44.855
1042,2016-11-08,44.875
1043,2016-11-09,45.265
1044,2016-11-10,44.415
1045,2016-11-11,43.105
1046,2016-11-12,43.105
1047,2016-11-13,43.485
1048,2016-11-14,43.685
1049,2016-11-15,45.715
1050,2016-11-16,45.975
1051,2016-11-17,45.635
1052,2016-11-18,46.335
1053,2016-11-19,46.335
1054,2016-11-20,46.835
1055,2016-11-21,48.655
1056,2016-11-22,48.035
1057,2016-11-23,48.035
1058,2016-11-24,47.965
1059,2016-11-25,45.96
1060,2016-11-26,45.96
1061,2016-11-27,45.295
1062,2016-11-28,46.84
1063,2016-11-29,45.285
1064,2016-11-30,49.175
1065,2016-12-01,51.21
1066,2016-12-02,51.685
1067,2016-12-03,51.685
1068,2016-12-04,51.385
1069,2016-12-05,51.215
1070,2016-12-06,50.985
1071,2016-12-07,49.955
1072,2016-12-08,51.045
1073,2016-12-09,51.47
1074,2016-12-10,51.47
1075,2016-12-11,53.915
1076,2016-12-12,52.585
1077,2016-12-13,52.415
1078,2016-12-14,50.845
1079,2016-12-15,52.16
1080,2016-12-16,53.095
1081,2016-12-17,53.095
1082,2016-12-18,53.055
1083,2016-12-19,53.085
1084,2016-12-20,53.555
1085,2016-12-21,52.555
1086,2016-12-22,52.735
1087,2016-12-23,53.24
1088,2016-12-24,53.24
1089,2016-12-25,53.24
1090,2016-12-26,53.185
1091,2016-12-27,53.845
1092,2016-12-28,53.615
1093,2016-12-29,53.955
1094,2016-12-30,53.895
1095,2016-12-31,53.895
1096,2017-01-01,53.895
1097,2017-01-02,54.025
1098,2017-01-03,52.625
1099,2017-01-04,53.325
1100,2017-01-05,53.755
1101,2017-01-06,53.685
1102,2017-01-07,53.685
1103,2017-01-08,53.785
1104,2017-01-09,51.945
1105,2017-01-10,50.91
1106,2017-01-11,52.235
1107,2017-01-12,53.025
1108,2017-01-13,52.545
1109,2017-01-14,52.545
1110,2017-01-15,52.445
1111,2017-01-16,52.515
1112,2017-01-17,53.345
1113,2017-01-18,52.225
1114,2017-01-19,52.285
1115,2017-01-20,53.235
1116,2017-01-21,53.235
1117,2017-01-22,53.305
1118,2017-01-23,52.875
1119,2017-01-24,52.985
1120,2017-01-25,53.015
1121,2017-01-26,53.745
1122,2017-01-27,53.165
1123,2017-01-28,53.165
1124,2017-01-29,52.965
1125,2017-01-30,52.645
1126,2017-01-31,52.785
1127,2017-02-01,53.545
1128,2017-02-02,53.855
1129,2017-02-03,53.86
1130,2017-02-04,53.86
1131,2017-02-05,53.915
1132,2017-02-06,53.175
1133,2017-02-07,51.265
1134,2017-02-08,52.485
1135,2017-02-09,53.065
1136,2017-02-10,53.84
1137,2017-02-11,53.84
1138,2017-02-12,53.855
1139,2017-02-13,53.005
1140,2017-02-14,53.055
1141,2017-02-15,53.525
1142,2017-02-16,53.785
1143,2017-02-17,53.725
1144,2017-02-18,53.725
1145,2017-02-19,53.785
1146,2017-02-20,53.965
1147,2017-02-21,54.315
1148,2017-02-22,54.005
1149,2017-02-23,54.365
1150,2017-02-24,54.005
1151,2017-02-25,54.005
1152,2017-02-26,53.995
1153,2017-02-27,54.06
1154,2017-02-28,53.915
1155,2017-03-01,53.72
1156,2017-03-02,52.685
1157,2017-03-03,53.21
1158,2017-03-04,53.21
1159,2017-03-05,53.275
1160,2017-03-06,53.155
1161,2017-03-07,52.875
1162,2017-03-08,50.355
1163,2017-03-09,49.575
1164,2017-03-09,49.555
1165,2017-03-10,48.38
1166,2017-03-11,48.38
1167,2017-03-12,48.045
1168,2017-03-13,48.355
1169,2017-03-14,48.465
1170,2017-03-14,48.475
1171,2017-03-15,49.085
1172,2017-03-16,49.315
1173,2017-03-17,49.235
1174,2017-03-18,49.235
1175,2017-03-19,49.165
1176,2017-03-20,48.97
1177,2017-03-21,48.095
1178,2017-03-22,48.255
1179,2017-03-22,48.275
1180,2017-03-23,47.785
1181,2017-03-24,48.13
1182,2017-03-25,48.13
1183,2017-03-26,48.165
1184,2017-03-27,47.855
1185,2017-03-28,48.505
1186,2017-03-29,49.585
1187,2017-03-29,49.57
1188,2017-03-30,50.255
1189,2017-03-31,50.815
1190,2017-04-01,50.815
1191,2017-04-02,50.615
1192,2017-04-02,50.615
1193,2017-04-03,50.275
1194,2017-04-04,51.115
1195,2017-04-05,50.945
1196,2017-04-06,51.715
1197,2017-04-07,52.33
1198,2017-04-08,52.33
1199,2017-04-09,52.505
1200,2017-04-10,53.145
1201,2017-04-11,53.375
1202,2017-04-12,52.945
1203,2017-04-13,52.92
1204,2017-04-14,52.92
1205,2017-04-15,52.92
1206,2017-04-16,52.965
1207,2017-04-17,53.165
1208,2017-04-18,52.735
1209,2017-04-19,51.055
1210,2017-04-20,50.795
1211,2017-04-21,49.635
1212,2017-04-22,49.635
1213,2017-04-23,49.805
1214,2017-04-24,49.285
1215,2017-04-25,49.325
1216,2017-04-26,49.335
1217,2017-04-27,49.155
1218,2017-04-28,49.195
1219,2017-04-29,49.195
1220,2017-04-30,49.165
1221,2017-05-01,48.725
1222,2017-05-02,48.065
1223,2017-05-03,47.635
1224,2017-05-04,45.535
1225,2017-05-05,46.495
1226,2017-05-06,46.495
1227,2017-05-07,46.495
1228,2017-05-08,46.535
1229,2017-05-09,46.125
1230,2017-05-10,47.385
1231,2017-05-11,47.815
1232,2017-05-12,47.855
1233,2017-05-13,47.855
1234,2017-05-14,47.765
1235,2017-05-15,48.905
1236,2017-05-16,48.275
1237,2017-05-17,49.44
1238,2017-05-18,49.665
1239,2017-05-19,50.875
1240,2017-05-20,50.875
1241,2017-05-21,51.115
1242,2017-05-22,51.115
1243,2017-05-23,51.445
1244,2017-05-24,51.525
1245,2017-05-25,48.865
1246,2017-05-26,49.845
1247,2017-05-27,49.845
1248,2017-05-28,49.895
1249,2017-05-29,49.905
1250,2017-05-30,49.565
1251,2017-05-31,48.795
1252,2017-06-01,48.095
1253,2017-06-02,47.77
1254,2017-06-03,47.77
1255,2017-06-04,47.695
1256,2017-06-05,47.44
1257,2017-06-06,48.005
1258,2017-06-07,45.825
1259,2017-06-08,45.705
1260,2017-06-09,45.94
1261,2017-06-10,45.94
1262,2017-06-11,45.965
1263,2017-06-12,46.095
1264,2017-06-13,45.995
1265,2017-06-14,44.695
1266,2017-06-15,44.585
1267,2017-06-16,44.92
1268,2017-06-17,44.92
1269,2017-06-18,44.855
1270,2017-06-19,44.445
1271,2017-06-20,43.435
1272,2017-06-21,42.635
1273,2017-06-22,42.805
1274,2017-06-23,43.12
1275,2017-06-24,43.12
1276,2017-06-25,43.205
1277,2017-06-26,43.475
1278,2017-06-27,43.805
1279,2017-06-28,44.855
1280,2017-06-29,44.935
1281,2017-06-30,46.335
1282,2017-07-01,46.335
1283,2017-07-02,46.29
1284,2017-07-03,47.045
1285,2017-07-04,47.135
1286,2017-07-05,45.645
1287,2017-07-06,45.365
1288,2017-07-07,44.335
1289,2017-07-08,44.335
1290,2017-07-09,44.415
1291,2017-07-10,44.525
1292,2017-07-11,45.825
1293,2017-07-12,45.345
1294,2017-07-13,46.095
1295,2017-07-14,46.675
1296,2017-07-15,46.675
1297,2017-07-16,46.645
1298,2017-07-17,46.225
1299,2017-07-18,46.475
1300,2017-07-19,47.305
1301,2017-07-20,46.905
1302,2017-07-21,45.585
1303,2017-07-22,45.585
1304,2017-07-23,45.745
1305,2017-07-24,46.425
1306,2017-07-25,48.425
1307,2017-07-26,48.655
1308,2017-07-27,49.135
1309,2017-07-28,49.765
1310,2017-07-29,49.765
1311,2017-07-30,49.945
1312,2017-07-31,50.145
1313,2017-08-01,48.765
1314,2017-08-02,49.545
1315,2017-08-03,48.975
1316,2017-08-04,49.525
1317,2017-08-05,49.525
1318,2017-08-06,49.595
1319,2017-08-07,49.275
1320,2017-08-08,49.055
1321,2017-08-09,49.595
1322,2017-08-10,48.565
1323,2017-08-11,48.805
1324,2017-08-12,48.805
1325,2017-08-13,48.795
1326,2017-08-14,47.605
1327,2017-08-15,47.695
1328,2017-08-16,46.815
1329,2017-08-17,47.115
1330,2017-08-18,48.855
1331,2017-08-19,48.855
1332,2017-08-20,48.765
1333,2017-08-21,47.585
1334,2017-08-22,47.725
1335,2017-08-23,48.375
1336,2017-08-24,47.73
1337,2017-08-25,47.83
1338,2017-08-26,47.83
1339,2017-08-27,47.895
1340,2017-08-28,46.745
1341,2017-08-29,46.225
1342,2017-08-30,45.715
1343,2017-08-31,47.035
1344,2017-09-01,47.33
1345,2017-09-02,47.33
1346,2017-09-03,47.395
1347,2017-09-04,47.405
1348,2017-09-05,48.615
1349,2017-09-06,49.185
1350,2017-09-07,49.125
1351,2017-09-08,47.49
1352,2017-09-09,47.49
1353,2017-09-10,47.675
1354,2017-09-11,48.095
1355,2017-09-12,48.305
1356,2017-09-13,49.285
1357,2017-09-14,49.755
1358,2017-09-15,50.43
1359,2017-09-16,50.43
1360,2017-09-17,50.295
1361,2017-09-18,50.375
1362,2017-09-19,50.265
1363,2017-09-20,50.755
1364,2017-09-21,50.715
1365,2017-09-22,50.66
1366,2017-09-23,50.66
1367,2017-09-24,50.635
1368,2017-09-25,52.115
1369,2017-09-26,52.115
1370,2017-09-27,52.065
1371,2017-09-28,51.565
1372,2017-09-29,51.61
1373,2017-09-30,51.61
1374,2017-10-01,51.665
1375,2017-10-02,50.525
1376,2017-10-03,50.025
1377,2017-10-04,49.885
1378,2017-10-05,50.755
1379,2017-10-06,49.195
1380,2017-10-07,49.195
1381,2017-10-08,49.415
1382,2017-10-09,49.555
1383,2017-10-10,50.885
1384,2017-10-11,51.065
1385,2017-10-12,50.775
1386,2017-10-13,51.425
1387,2017-10-14,51.425
1388,2017-10-15,51.835
1389,2017-10-16,51.875
1390,2017-10-17,52.255
1391,2017-10-18,52.305
1392,2017-10-19,51.585
1393,2017-10-20,52.07
1394,2017-10-21,52.07
1395,2017-10-22,52.135
1396,2017-10-23,51.885
1397,2017-10-24,52.505
1398,2017-10-25,52.165
1399,2017-10-26,52.725
1400,2017-10-27,54.16
1401,2017-10-28,54.16
1402,2017-10-29,54.065
1403,2017-10-30,54.075
1404,2017-10-31,54.585
1405,2017-11-01,54.255
1406,2017-11-02,54.915
1407,2017-11-03,55.71
1408,2017-11-04,55.71
1409,2017-11-05,55.835
1410,2017-11-06,57.225
1411,2017-11-07,57.015
1412,2017-11-08,56.865
1413,2017-11-09,57.045
1414,2017-11-10,56.895
1415,2017-11-13,56.725
1416,2017-11-14,55.065
1417,2017-11-15,55.485
1418,2017-11-16,55.415
1419,2017-11-17,56.775
1420,2017-11-18,56.775
1421,2017-11-19,56.715
1422,2017-11-20,56.355
1423,2017-11-21,57.075
1424,2017-11-22,57.975
1425,2017-11-23,58.395
1426,2017-11-24,58.965
1427,2017-11-25,58.965
1428,2017-11-26,58.865
1429,2017-11-27,57.875
1430,2017-11-28,57.705
1431,2017-11-29,57.365
1432,2017-11-30,57.375
1433,2017-12-01,58.315
1434,2017-12-02,58.315
1435,2017-12-03,58.205
1436,2017-12-04,57.465
1437,2017-12-05,57.445
1438,2017-12-06,56.085
1439,2017-12-07,56.585
1440,2017-12-08,57.32
1441,2017-12-09,57.32
1442,2017-12-10,57.185
1443,2017-12-11,57.925
1444,2017-12-12,57.455
1445,2017-12-13,56.795
1446,2017-12-14,57.125
1447,2017-12-15,57.395
1448,2017-12-16,57.395
1449,2017-12-17,57.425
1450,2017-12-18,57.325
1451,2017-12-19,57.695
1452,2017-12-20,58.045
1453,2017-12-21,58.175
1454,2017-12-22,58.36
1455,2017-12-23,58.36
1456,2017-12-24,58.36
1457,2017-12-25,58.585
1458,2017-12-26,59.815
1459,2017-12-27,59.575
1460,2017-12-28,59.845
1461,2017-12-29,60.155
1462,2017-12-30,60.155
1463,2017-12-31,60.155
1464,2018-01-01,60.235
1465,2018-01-02,60.415
1466,2018-01-03,61.825
1467,2018-01-04,61.945
1468,2018-01-05,61.55
1469,2018-01-06,61.55
1470,2018-01-07,61.655
1471,2018-01-08,62.235
1472,2018-01-09,63.355
1473,2018-01-10,63.455
1474,2018-01-11,63.535
1475,2018-01-12,64.38
1476,2018-01-13,64.38
1477,2018-01-14,64.275
1478,2018-01-15,64.735
1479,2018-01-16,63.875
1480,2018-01-17,64.145
1481,2018-01-18,63.615
1482,2018-01-19,63.435
1483,2018-01-20,63.435
1484,2018-01-21,63.415
1485,2018-01-22,63.855
1486,2018-01-23,64.475
1487,2018-01-24,65.765
1488,2018-01-25,65.135
1489,2018-01-26,66.24
1490,2018-01-27,66.24
1491,2018-01-28,66.245
1492,2018-01-29,65.495
1493,2018-01-30,63.785
1494,2018-01-31,64.875
1495,2018-02-01,66.055
1496,2018-02-02,65.075
1497,2018-02-03,65.075
1498,2018-02-04,65.015
1499,2018-02-05,63.585
1500,2018-02-06,63.875
1501,2018-02-07,61.685
1502,2018-02-08,60.485
1503,2018-02-09,59.1
1504,2018-02-10,59.1
1505,2018-02-11,59.365
1506,2018-02-12,59.515
1507,2018-02-13,58.955
1508,2018-02-14,60.705
1509,2018-02-15,61.355
1510,2018-02-16,61.555
1511,2018-02-17,61.555
1512,2018-02-18,61.715
1513,2018-02-19,62.395
1514,2018-02-20,61.655
1515,2018-02-21,61.245
1516,2018-02-22,62.655
1517,2018-02-23,63.6
1518,2018-02-24,63.6
1519,2018-02-25,63.575
1520,2018-02-26,63.975
1521,2018-02-27,62.835
1522,2018-02-28,61.605
1523,2018-03-01,61.235
1524,2018-03-02,61.52
1525,2018-03-03,61.52
1526,2018-03-04,61.585
1527,2018-03-05,62.615
1528,2018-03-06,62.03
1529,2018-03-07,61.305
1530,2018-03-08,60.295
1531,2018-03-09,62.11
1532,2018-03-10,62.11
1533,2018-03-11,62.155
1534,2018-03-12,61.295
1535,2018-03-13,60.885
1536,2018-03-14,60.945
1537,2018-03-15,61.295
1538,2018-03-16,62.325
1539,2018-03-17,62.325
1540,2018-03-18,62.195
1541,2018-03-19,62.235
1542,2018-03-20,63.755
1543,2018-03-21,65.385
1544,2018-03-22,64.565
1545,2018-03-23,65.735
1546,2018-03-24,65.735
1547,2018-03-25,65.855
1548,2018-03-26,65.645
1549,2018-03-27,64.815
1550,2018-03-28,64.715
1551,2018-03-29,64.935
1552,2018-03-30,64.935
1553,2018-03-31,64.935
1554,2018-04-01,65.045
1555,2018-04-02,62.945
1556,2018-04-03,63.575
1557,2018-04-04,63.635
1558,2018-04-05,63.505
1559,2018-04-06,61.93
1560,2018-04-07,61.93
1561,2018-04-08,62.135
1562,2018-04-09,63.265
1563,2018-04-10,65.615
1564,2018-04-11,66.815
1565,2018-04-12,66.995
1566,2018-04-13,67.4
1567,2018-04-14,67.4
1568,2018-04-15,67.165
1569,2018-04-16,66.415
1570,2018-04-17,66.585
1571,2018-04-18,68.685
1572,2018-04-19,68.345
1573,2018-04-20,68.105
1574,2018-04-21,68.105
1575,2018-04-22,68.295
1576,2018-04-23,68.935
1577,2018-04-24,67.845
1578,2018-04-25,68.195
1579,2018-04-26,68.125
1580,2018-04-27,67.98
1581,2018-04-28,67.98
1582,2018-04-29,68.035
1583,2018-04-30,68.515
1584,2018-05-01,67.455
1585,2018-05-02,67.755
1586,2018-05-03,68.465
1587,2018-05-04,69.775
1588,2018-05-05,69.775
1589,2018-05-06,69.795
1590,2018-05-07,70.055
1591,2018-05-08,70.045
1592,2018-05-09,71.245
1593,2018-05-10,71.545
1594,2018-05-11,70.495
1595,2018-05-12,70.495
1596,2018-05-13,70.645
1597,2018-05-14,71.145
1598,2018-05-15,70.945
1599,2018-05-16,71.545
1600,2018-05-17,71.73
1601,2018-05-18,71.465
1602,2018-05-19,71.465
1603,2018-05-20,71.765
1604,2018-05-21,72.535
1605,2018-05-22,72.175
1606,2018-05-23,71.865
1607,2018-05-24,70.755
1608,2018-05-25,67.455
1609,2018-05-26,67.455
1610,2018-05-27,67.305
1611,2018-05-28,66.685
1612,2018-05-29,66.855
1613,2018-05-30,68.135
1614,2018-05-31,67.155
1615,2018-06-01,65.71
1616,2018-06-02,65.71
1617,2018-06-03,65.645
1618,2018-06-04,65.015
1619,2018-06-05,65.525
1620,2018-06-06,65.175
1621,2018-06-07,65.985
1622,2018-06-08,65.565
1623,2018-06-09,65.565
1624,2018-06-10,65.565
1625,2018-06-11,66.135
1626,2018-06-12,65.835
1627,2018-06-13,66.655
1628,2018-06-14,66.955
1629,2018-06-15,64.15
1630,2018-06-16,64.15
1631,2018-06-17,64.085
1632,2018-06-18,65.615
1633,2018-06-19,65.025
1634,2018-06-20,65.465
1635,2018-06-21,65.855
1636,2018-06-22,69.275
1637,2018-06-23,69.275
1638,2018-06-24,69.275
1639,2018-06-25,68.185
1640,2018-06-26,70.615
1641,2018-06-27,72.335
1642,2018-06-28,73.295
1643,2018-06-29,74.315
1644,2018-06-30,74.315
1645,2018-07-01,73.525
1646,2018-07-02,73.98
1647,2018-07-03,74.595
1648,2018-07-04,74.155
1649,2018-07-05,73.125
1650,2018-07-06,73.905
1651,2018-07-07,73.905
1652,2018-07-08,73.925
1653,2018-07-09,74.015
1654,2018-07-10,74.025
1655,2018-07-11,70.585
1656,2018-07-12,70.215
1657,2018-07-13,70.59
1658,2018-07-14,70.59
1659,2018-07-15,70.735
1660,2018-07-16,67.955
1661,2018-07-17,66.855
1662,2018-07-18,67.775
1663,2018-07-19,68.025
1664,2018-07-20,68.135
1665,2018-07-21,68.135
1666,2018-07-22,68.285
1667,2018-07-23,67.845
1668,2018-07-24,68.685
1669,2018-07-25,69.385
1670,2018-07-26,69.545
1671,2018-07-27,69.025
1672,2018-07-28,69.025
1673,2018-07-29,68.955
1674,2018-07-30,70.045
1675,2018-07-31,68.375
1676,2018-08-01,67.845
1677,2018-08-02,68.925
1678,2018-08-03,68.645
1679,2018-08-04,68.645
1680,2018-08-05,68.555
1681,2018-08-06,68.915
1682,2018-08-07,69.155
1683,2018-08-08,66.765
1684,2018-08-09,66.725
1685,2018-08-10,67.77
1686,2018-08-11,67.77
1687,2018-08-12,67.905
1688,2018-08-13,67.435
1689,2018-08-14,66.765
1690,2018-08-15,64.895
1691,2018-08-16,64.81
1692,2018-08-17,65.21
1693,2018-08-18,65.21
1694,2018-08-19,65.155
1695,2018-08-20,65.44
1696,2018-08-21,66.055
1697,2018-08-22,67.995
1698,2018-08-23,67.875
1699,2018-08-24,68.525
1700,2018-08-25,68.525
1701,2018-08-26,68.625
1702,2018-08-27,68.975
1703,2018-08-28,68.575
1704,2018-08-29,69.645
1705,2018-08-30,70.025
1706,2018-08-31,69.9
1707,2018-09-01,69.9
1708,2018-09-02,69.935
1709,2018-09-03,70.055
1710,2018-09-04,69.395
1711,2018-09-05,68.635
1712,2018-09-06,67.875
1713,2018-09-07,67.855
1714,2018-09-08,67.855
1715,2018-09-09,68.075
1716,2018-09-10,67.605
1717,2018-09-11,69.855
1718,2018-09-12,70.205
1719,2018-09-13,68.795
1720,2018-09-14,68.975
1721,2018-09-15,68.975
1722,2018-09-16,68.855
1723,2018-09-17,68.42
1724,2018-09-18,69.555
1725,2018-09-19,70.835
1726,2018-09-20,70.205
1727,2018-09-21,70.715
1728,2018-09-22,70.715
1729,2018-09-23,71.495
1730,2018-09-24,72.225
1731,2018-09-25,71.935
1732,2018-09-26,72.145
1733,2018-09-27,72.135
1734,2018-09-28,73.54
1735,2018-09-29,73.54
1736,2018-09-30,73.425
1737,2018-10-01,75.435
1738,2018-10-02,75.165
1739,2018-10-03,76.265
1740,2018-10-04,74.675
1741,2018-10-05,74.285
1742,2018-10-06,74.285
1743,2018-10-07,73.905
1744,2018-10-08,74.245
1745,2018-10-09,74.715
1746,2018-10-10,72.635
1747,2018-10-11,71.105
1748,2018-10-12,71.515
1749,2018-10-13,71.515
1750,2018-10-14,72.215
1751,2018-10-15,71.675
1752,2018-10-16,72.215
1753,2018-10-17,69.88
1754,2018-10-18,68.845
1755,2018-10-19,69.535
1756,2018-10-20,69.535
1757,2018-10-21,69.325
1758,2018-10-22,69.525
1759,2018-10-23,66.265
1760,2018-10-24,66.415
1761,2018-10-25,66.965
1762,2018-10-26,67.6
1763,2018-10-27,67.6
1764,2018-10-28,67.685
1765,2018-10-29,66.665
1766,2018-10-30,66.445
1767,2018-10-31,64.995
1768,2018-11-01,63.595
1769,2018-11-02,62.87
1770,2018-11-03,62.87
1771,2018-11-04,62.975
1772,2018-11-05,62.845
1773,2018-11-06,61.795
1774,2018-11-07,61.675
1775,2018-11-08,60.725
1776,2018-11-09,59.845
1777,2018-11-10,59.845
1778,2018-11-11,60.78
1779,2018-11-12,58.945
1780,2018-11-13,55.705
1781,2018-11-14,56.115
1782,2018-11-15,56.705
1783,2018-11-16,57.06
1784,2018-11-17,57.06
1785,2018-11-18,57.295
1786,2018-11-19,57.385
1787,2018-11-20,53.505
1788,2018-11-21,54.645
1789,2018-11-22,54.045
1790,2018-11-23,50.41
1791,2018-11-24,50.41
1792,2018-11-25,50.595
1793,2018-11-26,51.605
1794,2018-11-27,52.055
1795,2018-11-28,50.595
1796,2018-11-29,51.415
1797,2018-11-30,50.69
1798,2018-12-01,50.69
1799,2018-12-02,52.335
1800,2018-12-03,53.245
1801,2018-12-04,52.795
1802,2018-12-05,52.66
1803,2018-12-06,51.485
1804,2018-12-07,52.16
1805,2018-12-08,52.16
1806,2018-12-09,52.425
1807,2018-12-10,50.955
1808,2018-12-11,52.035
1809,2018-12-12,51.355
1810,2018-12-13,52.835
1811,2018-12-14,51.485
1812,2018-12-15,51.485
1813,2018-12-16,51.585
1814,2018-12-17,49.645
1815,2018-12-18,46.655
1816,2018-12-19,47.375
1817,2018-12-20,46.375
1818,2018-12-21,45.405
1819,2018-12-22,45.405
1820,2018-12-23,45.59
1821,2018-12-24,42.72
1822,2018-12-25,43.145
1823,2018-12-26,46.595
1824,2018-12-27,45.42
1825,2018-12-28,45.14
1826,2018-12-29,45.14
1827,2018-12-30,45.505
1828,2018-12-31,45.815
1829,2019-01-01,45.885
1830,2019-01-02,45.795
1831,2019-01-03,46.88
1832,2019-01-04,48.315
1833,2019-01-05,48.315
1834,2019-01-06,48.605
1835,2019-01-07,48.735
1836,2019-01-08,49.975
1837,2019-01-09,52.165
1838,2019-01-10,52.285
1839,2019-01-11,51.695
1840,2019-01-12,51.695
1841,2019-01-13,51.825
1842,2019-01-14,50.685
1843,2019-01-15,51.895
1844,2019-01-16,52.525
1845,2019-01-17,52.475
1846,2019-01-18,53.975
1847,2019-01-19,53.975
1848,2019-01-20,53.655
1849,2019-01-21,54.235
1850,2019-01-22,52.885
1851,2019-01-23,52.455
1852,2019-01-24,53.085
1853,2019-01-25,53.56
1854,2019-01-26,53.56
1855,2019-01-27,53.285
1856,2019-01-28,52.065
1857,2019-01-29,53.315
1858,2019-01-30,54.485
1859,2019-01-31,53.895
1860,2019-02-01,55.37
1861,2019-02-02,55.37
1862,2019-02-03,55.225
1863,2019-02-04,54.745
1864,2019-02-05,53.775
1865,2019-02-06,53.955
1866,2019-02-07,52.485
1867,2019-02-08,52.705
1868,2019-02-09,52.705
1869,2019-02-10,52.495
1870,2019-02-11,52.425
1871,2019-02-12,53.485
1872,2019-02-13,53.985
1873,2019-02-14,54.965
1874,2019-02-15,56.205
1875,2019-02-16,56.205
1876,2019-02-17,56.295
1877,2019-02-18,56.275
1878,2019-02-19,56.295
1879,2019-02-20,57.205
1880,2019-02-21,56.875
1881,2019-02-22,57.08
1882,2019-02-23,57.08
1883,2019-02-24,57.35
1884,2019-02-25,55.455
1885,2019-02-26,56.025
1886,2019-02-27,56.985
1887,2019-02-28,57.205
1888,2019-03-01,55.785
1889,2019-03-02,55.785
1890,2019-03-03,56.015
1891,2019-03-04,56.435
1892,2019-03-05,56.155
1893,2019-03-06,56.125
1894,2019-03-07,56.455
1895,2019-03-08,56.035
1896,2019-03-09,56.035
1897,2019-03-10,56.155
1898,2019-03-11,56.955
1899,2019-03-12,57.175
1900,2019-03-13,58.325
1901,2019-03-14,58.535
1902,2019-03-15,58.685
1903,2019-03-16,58.685
1904,2019-03-17,58.755
1905,2019-03-18,59.355
1906,2019-03-19,59.215
1907,2019-03-20,60.105
1908,2019-03-21,59.935
1909,2019-03-22,58.965
1910,2019-03-23,58.965
1911,2019-03-24,58.815
1912,2019-03-25,59.165
1913,2019-03-26,59.865
1914,2019-03-27,59.345
1915,2019-03-28,59.515
1916,2019-03-29,60.205
1917,2019-03-30,60.205
1918,2019-03-31,60.365
1919,2019-04-01,61.695
1920,2019-04-02,62.525
1921,2019-04-03,62.485
1922,2019-04-04,62.075
1923,2019-04-05,63.275
1924,2019-04-06,63.275
1925,2019-04-07,63.415
1926,2019-04-08,64.415
1927,2019-04-09,64.175
1928,2019-04-10,64.375
1929,2019-04-11,63.665
1930,2019-04-12,63.775
1931,2019-04-13,63.775
1932,2019-04-14,63.565
1933,2019-04-15,63.515
1934,2019-04-16,64.465
1935,2019-04-17,63.815
1936,2019-04-18,64.055
1937,2019-04-19,64.055
1938,2019-04-20,64.055
1939,2019-04-21,64.315
1940,2019-04-22,65.795
1941,2019-04-23,66.125
1942,2019-04-24,65.745
1943,2019-04-25,65.035
1944,2019-04-26,62.835
1945,2019-04-27,62.835
1946,2019-04-28,62.905
1947,2019-04-29,63.555
1948,2019-04-30,63.465
1949,2019-05-01,63.505
1950,2019-05-02,61.685
1951,2019-05-03,61.85
1952,2019-05-04,61.85
1953,2019-05-05,60.755
1954,2019-05-06,62.125
1955,2019-05-07,61.605
1956,2019-05-08,61.995
1957,2019-05-09,61.695
1958,2019-05-10,61.73
1959,2019-05-11,61.73
1960,2019-05-12,61.365
1961,2019-05-13,60.975
1962,2019-05-14,61.285
1963,2019-05-15,62.235
1964,2019-05-16,63.31
1965,2019-05-17,62.905
1966,2019-05-18,62.905
1967,2019-05-19,63.525
1968,2019-05-20,63.415
1969,2019-05-21,62.965
1970,2019-05-22,61.395
1971,2019-05-23,58.105
1972,2019-05-24,59.005
1973,2019-05-25,59.005
1974,2019-05-26,58.845
1975,2019-05-27,59.105
1976,2019-05-28,58.955
1977,2019-05-29,59.225
1978,2019-05-30,56.575
1979,2019-05-31,53.365
1980,2019-06-01,53.365
1981,2019-06-02,52.385
1982,2019-06-03,53.135
1983,2019-06-04,52.985
1984,2019-06-05,51.495
1985,2019-06-06,52.995
1986,2019-06-07,54.045
1987,2019-06-08,54.045
1988,2019-06-09,54.575
1989,2019-06-10,53.385
1990,2019-06-11,52.84
1991,2019-06-12,51.155
1992,2019-06-13,52.145
1993,2019-06-14,52.525
1994,2019-06-15,52.525
1995,2019-06-16,52.625
1996,2019-06-17,52.185
1997,2019-06-18,54.215
1998,2019-06-19,54.475
1999,2019-06-20,57.345
2000,2019-06-21,57.59
2001,2019-06-22,57.59
2002,2019-06-23,57.72
2003,2019-06-24,57.835
2004,2019-06-25,58.725
2005,2019-06-26,58.945
2006,2019-06-27,59.335
2007,2019-06-28,58.18
2008,2019-06-29,58.18
2009,2019-06-30,59.375
2010,2019-07-01,58.915
2011,2019-07-02,56.595
2012,2019-07-03,57.225
2013,2019-07-04,56.915
2014,2019-07-05,57.725
2015,2019-07-06,57.725
2016,2019-07-07,57.755
2017,2019-07-08,57.475
2018,2019-07-09,58.47
2019,2019-07-10,60.445
2020,2019-07-11,60.365
2021,2019-07-12,60.375
2022,2019-07-13,60.375
2023,2019-07-14,60.235
2024,2019-07-15,59.355
2025,2019-07-16,57.605
2026,2019-07-17,56.725
2027,2019-07-18,55.925
2028,2019-07-19,55.87
2029,2019-07-20,55.87
2030,2019-07-21,56.265
2031,2019-07-22,56.105
2032,2019-07-23,57.105
2033,2019-07-24,55.965
2034,2019-07-25,56.035
2035,2019-07-26,56.185
2036,2019-07-27,56.185
2037,2019-07-28,56.065
2038,2019-07-29,57.155
2039,2019-07-30,58.155
2040,2019-07-31,57.925
2041,2019-08-01,54.325
2042,2019-08-02,55.205
2043,2019-08-03,55.205
2044,2019-08-04,55.305
2045,2019-08-05,54.145
2046,2019-08-06,53.375
2047,2019-08-07,52.445
2048,2019-08-08,52.735
2049,2019-08-09,54.255
2050,2019-08-10,54.255
2051,2019-08-11,54.345
2052,2019-08-12,54.765
2053,2019-08-13,56.695
2054,2019-08-14,54.755
2055,2019-08-15,54.775
2056,2019-08-16,54.885
2057,2019-08-17,54.885
2058,2019-08-18,55.005
2059,2019-08-19,56.105
2060,2019-08-20,56.145
2061,2019-08-21,56.045
2062,2019-08-22,55.435
2063,2019-08-23,53.96
2064,2019-08-24,53.96
2065,2019-08-25,53.115
2066,2019-08-26,53.895
2067,2019-08-27,55.555
2068,2019-08-28,55.865
2069,2019-08-29,56.595
2070,2019-08-30,55.155
2071,2019-08-31,55.155
2072,2019-09-01,54.87
2073,2019-09-02,54.735
2074,2019-09-03,54.025
2075,2019-09-04,56.065
2076,2019-09-05,56.285
2077,2019-09-06,56.715
2078,2019-09-07,56.715
2079,2019-09-08,56.885
2080,2019-09-09,58.115
2081,2019-09-10,57.875
2082,2019-09-11,55.945
2083,2019-09-12,55.255
2084,2019-09-13,54.82
2085,2019-09-14,54.82
2086,2019-09-15,61.13
2087,2019-09-16,61.995
2088,2019-09-17,58.675
2089,2019-09-18,58.095
2090,2019-09-19,58.755
2091,2019-09-20,58.395
2092,2019-09-21,58.395
2093,2019-09-22,58.745
2094,2019-09-23,58.315
2095,2019-09-24,56.855
2096,2019-09-25,56.655
2097,2019-09-26,56.345
2098,2019-09-27,56.18
2099,2019-09-28,56.18
2100,2019-09-29,56.115
2101,2019-09-30,54.275
2102,2019-10-01,54.045
2103,2019-10-02,52.595
2104,2019-10-03,52.375
2105,2019-10-04,53.0
2106,2019-10-05,53.0
2107,2019-10-06,52.735
2108,2019-10-07,52.885
2109,2019-10-08,52.385
2110,2019-10-09,51.775
2111,2019-10-10,53.965
2112,2019-10-11,54.89
2113,2019-10-12,54.89
2114,2019-10-13,54.725
2115,2019-10-14,53.485
2116,2019-10-15,52.965
2117,2019-10-16,52.875
2118,2019-10-17,54.095
2119,2019-10-18,53.82
2120,2019-10-19,53.82
2121,2019-10-20,53.705
2122,2019-10-21,53.535
2123,2019-10-22,54.225
2124,2019-10-23,55.735
2125,2019-10-24,56.105
2126,2019-10-25,56.645
2127,2019-10-26,56.645
2128,2019-10-27,56.705
2129,2019-10-28,55.845
2130,2019-10-29,55.515
2131,2019-10-30,54.905
2132,2019-10-31,54.085
2133,2019-11-01,56.215
2134,2019-11-02,56.215
2135,2019-11-03,56.205
2136,2019-11-04,56.575
2137,2019-11-05,57.085
2138,2019-11-06,56.325
2139,2019-11-07,56.965
2140,2019-11-08,57.45
2141,2019-11-09,57.45
2142,2019-11-10,57.125
2143,2019-11-11,56.635
2144,2019-11-12,56.675
2145,2019-11-13,57.415
2146,2019-11-14,56.995
2147,2019-11-15,58.015
2148,2019-11-16,58.015
2149,2019-11-17,57.845
2150,2019-11-18,57.025
2151,2019-11-19,55.355
2152,2019-11-20,56.965
2153,2019-11-21,58.345
2154,2019-11-22,57.97
2155,2019-11-23,57.97
2156,2019-11-24,58.005
2157,2019-11-25,57.945
2158,2019-11-26,58.255
2159,2019-11-27,57.975
2160,2019-11-28,58.095
2161,2019-11-29,55.43
2162,2019-11-30,55.43
2163,2019-12-01,55.825
2164,2019-12-02,56.045
2165,2019-12-03,56.425
2166,2019-12-04,58.435
2167,2019-12-05,58.355
2168,2019-12-06,59.115
2169,2019-12-07,59.115
2170,2019-12-08,58.975
2171,2019-12-09,58.865
2172,2019-12-10,59.085
2173,2019-12-11,58.935
2174,2019-12-12,59.605
2175,2019-12-13,59.775
2176,2019-12-14,59.775
2177,2019-12-15,59.765
2178,2019-12-16,60.045
2179,2019-12-17,60.515
2180,2019-12-18,60.815
2181,2019-12-19,61.075
2182,2019-12-20,60.32
2183,2019-12-21,60.32
2184,2019-12-22,60.445
2185,2019-12-23,60.585
2186,2019-12-24,61.135
2187,2019-12-25,61.185
2188,2019-12-26,61.685
2189,2019-12-27,61.715
2190,2019-12-28,61.715
2191,2019-12-29,61.725
2192,2019-12-30,61.635
2193,2019-12-31,61.175
2194,2020-01-01,61.335
2195,2020-01-02,61.145
2196,2020-01-03,63.04
2197,2020-01-04,63.04
2198,2020-01-05,63.825
2199,2020-01-06,62.955
2200,2020-01-07,64.91
2201,2020-01-08,59.935
2202,2020-01-09,59.525
2203,2020-01-10,59.125
2204,2020-01-11,59.125
2205,2020-01-12,58.905
2206,2020-01-13,58.105
2207,2020-01-14,58.085
2208,2020-01-15,58.135
2209,2020-01-16,58.625
2210,2020-01-17,58.835
2211,2020-01-18,58.835
2212,2020-01-19,59.275
2213,2020-01-20,58.715
2214,2020-01-21,58.305
2215,2020-01-22,56.125
2216,2020-01-23,55.655
2217,2020-01-24,54.21
2218,2020-01-25,54.21
2219,2020-01-26,52.645
2220,2020-01-27,52.965
2221,2020-01-28,53.775
2222,2020-01-29,53.125
2223,2020-01-30,52.865
2224,2020-01-31,51.615
2225,2020-02-01,51.615
2226,2020-02-02,51.045
2227,2020-02-03,49.925
2228,2020-02-04,49.615
2229,2020-02-05,51.195
2230,2020-02-06,51.435
2231,2020-02-07,50.355
2232,2020-02-08,50.355
2233,2020-02-09,49.745
2234,2020-02-10,49.805
2235,2020-02-11,50.125
2236,2020-02-12,51.475
2237,2020-02-13,51.415
2238,2020-02-14,52.495
2239,2020-02-15,52.495
2240,2020-02-16,52.345
2241,2020-02-17,52.205
2242,2020-02-18,52.425
2243,2020-02-19,53.755
2244,2020-02-20,53.505
2245,2020-02-21,53.455
2246,2020-02-22,53.455
2247,2020-02-23,52.065
2248,2020-02-24,51.435
2249,2020-02-25,50.185
2250,2020-02-26,48.425
2251,2020-02-27,46.805
2252,2020-02-28,45.285
2253,2020-02-29,45.285
2254,2020-03-01,44.615
2255,2020-03-02,47.925
2256,2020-03-03,47.035
2257,2020-03-04,47.335
2258,2020-03-05,46.225
2259,2020-03-06,41.51
2260,2020-03-07,41.51
2261,2020-03-08,32.485
2262,2020-03-09,32.925
2263,2020-03-10,34.2
2264,2020-03-11,33.3
2265,2020-03-12,31.005
2266,2020-03-13,33.015
2267,2020-03-14,33.015
2268,2020-03-15,30.425
2269,2020-03-16,29.15
2270,2020-03-17,26.955
2271,2020-03-18,23.86
2272,2020-03-19,26.435
2273,2020-03-20,23.655
2274,2020-03-21,23.655
2275,2020-03-22,21.58
2276,2020-03-23,24.4
2277,2020-03-24,24.63
2278,2020-03-25,24.245
2279,2020-03-26,23.09
2280,2020-03-27,21.81
2281,2020-03-28,21.81
2282,2020-03-29,20.325
2283,2020-03-30,20.44
2284,2020-03-31,20.21
2285,2020-04-01,21.265
2286,2020-04-02,24.95
2287,2020-04-03,29.0
2288,2020-04-04,29.0
2289,2020-04-05,26.155
2290,2020-04-06,26.725
2291,2020-04-07,24.675
2292,2020-04-08,26.18
2293,2020-04-09,23.2
2294,2020-04-10,23.2
2295,2020-04-11,23.2
2296,2020-04-12,22.73
2297,2020-04-13,22.845
2298,2020-04-14,20.775
2299,2020-04-15,20.215
2300,2020-04-16,26.44
2301,2020-04-17,25.16
2302,2020-04-18,25.16
2303,2020-04-19,24.585
2304,2020-04-20,21.695
2305,2020-04-21,13.39
2306,2020-04-22,14.35
2307,2020-04-23,16.83
2308,2020-04-24,17.17
2309,2020-04-25,17.17
2310,2020-04-26,16.575
2311,2020-04-27,12.875
2312,2020-04-28,13.04
2313,2020-04-29,16.0
2314,2020-04-30,19.72
2315,2020-05-01,19.695
2316,2020-05-02,19.695
2317,2020-05-03,18.765
2318,2020-05-04,21.235
2319,2020-05-05,25.385
2320,2020-05-06,23.71
2321,2020-05-07,23.82
2322,2020-05-08,24.62
2323,2020-05-09,24.62
2324,2020-05-10,24.395
2325,2020-05-11,24.66
2326,2020-05-12,25.245
2327,2020-05-13,25.66
2328,2020-05-14,28.0
2329,2020-05-15,29.75
2330,2020-05-16,29.75
2331,2020-05-17,30.375
2332,2020-05-18,32.825
2333,2020-05-19,31.72
2334,2020-05-20,33.565
2335,2020-05-21,33.86
2336,2020-05-22,33.395
2337,2020-05-23,33.395
2338,2020-05-24,32.915
2339,2020-05-25,33.8
2340,2020-05-26,34.065
2341,2020-05-27,31.66
2342,2020-05-28,33.605
2343,2020-05-29,35.34
2344,2020-05-30,35.34
2345,2020-05-31,35.59
2346,2020-06-01,35.465
2347,2020-06-02,37.085
2348,2020-06-03,36.675
2349,2020-06-04,37.37
2350,2020-06-05,39.1
2351,2020-06-06,39.1
2352,2020-06-07,40.1
2353,2020-06-08,38.46
2354,2020-06-09,38.175
2355,2020-06-10,38.735
2356,2020-06-11,36.035
2357,2020-06-12,36.525
2358,2020-06-13,36.525
2359,2020-06-14,35.7
2360,2020-06-15,37.43
2361,2020-06-16,37.725
2362,2020-06-17,37.98
2363,2020-06-18,39.26
2364,2020-06-19,39.555
2365,2020-06-20,39.555
2366,2020-06-21,39.83
2367,2020-06-22,41.105
2368,2020-06-23,39.96
2369,2020-06-24,37.825
2370,2020-06-25,39.165
2371,2020-06-26,38.17
2372,2020-06-27,38.17
2373,2020-06-28,37.885
2374,2020-06-29,39.7
2375,2020-06-30,39.685
2376,2020-07-01,39.585
2377,2020-07-02,40.33
2378,2020-07-03,40.28
2379,2020-07-04,40.28
2380,2020-07-05,40.485
2381,2020-07-06,40.635
2382,2020-07-07,40.385
2383,2020-07-08,40.92
2384,2020-07-09,39.575
2385,2020-07-10,40.46
2386,2020-07-11,40.46
2387,2020-07-12,40.415
2388,2020-07-13,39.555
2389,2020-07-14,40.63
2390,2020-07-15,40.985
2391,2020-07-16,41.005
2392,2020-07-17,40.75
2393,2020-07-18,40.75
2394,2020-07-19,40.775
2395,2020-07-20,40.775
2396,2020-07-21,41.555
2397,2020-07-22,41.875
2398,2020-07-23,41.095
2399,2020-07-24,41.315
2400,2020-07-25,41.315
2401,2020-07-26,40.985
2402,2020-07-27,41.655
2403,2020-07-28,41.035
2404,2020-07-29,41.365
2405,2020-07-30,40.46
2406,2020-07-31,40.41
2407,2020-08-01,40.41
2408,2020-08-02,40.11
2409,2020-08-03,40.7
2410,2020-08-04,41.565
2411,2020-08-05,42.285
2412,2020-08-06,42.015
2413,2020-08-07,41.47
2414,2020-08-08,41.47
2415,2020-08-09,41.545
2416,2020-08-10,41.985
2417,2020-08-11,41.645
2418,2020-08-12,42.595
2419,2020-08-13,42.35
2420,2020-08-14,42.145
2421,2020-08-15,42.145
2422,2020-08-16,42.315
2423,2020-08-17,43.065
2424,2020-08-18,42.835
2425,2020-08-19,42.895
2426,2020-08-20,42.825
2427,2020-08-21,42.26
2428,2020-08-22,42.26
2429,2020-08-23,42.475
2430,2020-08-24,42.475
2431,2020-08-25,43.415
2432,2020-08-26,43.425
2433,2020-08-27,42.9
2434,2020-08-28,42.96
2435,2020-08-29,42.96
2436,2020-08-30,43.015
2437,2020-08-31,42.845
2438,2020-09-01,43.005
2439,2020-09-02,41.685
2440,2020-09-03,41.185
2441,2020-09-04,39.475
2442,2020-09-05,39.475
2443,2020-09-06,38.91
2444,2020-09-07,39.185
2445,2020-09-08,36.375
2446,2020-09-09,37.815
2447,2020-09-10,37.175
2448,2020-09-11,37.38
2449,2020-09-12,37.38
2450,2020-09-13,37.305
2451,2020-09-14,37.375
2452,2020-09-15,38.465
2453,2020-09-16,40.245
2454,2020-09-17,41.265
2455,2020-09-18,41.165
2456,2020-09-19,41.165
2457,2020-09-20,40.945
2458,2020-09-21,39.895
2459,2020-09-22,39.615
2460,2020-09-23,39.475
2461,2020-09-24,40.265
2462,2020-09-25,40.035
2463,2020-09-26,40.035
2464,2020-09-27,40.24
2465,2020-09-28,40.615
2466,2020-09-29,39.105
2467,2020-09-30,39.995
2468,2020-10-01,38.605
2469,2020-10-02,36.975
2470,2020-10-03,36.975
2471,2020-10-04,37.185
2472,2020-10-05,39.45
2473,2020-10-06,39.735
2474,2020-10-07,40.065
2475,2020-10-08,41.415
2476,2020-10-09,40.55
2477,2020-10-10,40.55
2478,2020-10-11,40.305
2479,2020-10-12,39.52
2480,2020-10-13,40.125
2481,2020-10-14,41.285
2482,2020-10-15,41.105
2483,2020-10-16,41.015
2484,2020-10-17,41.015
2485,2020-10-18,41.215
2486,2020-10-19,40.885
2487,2020-10-20,41.455
2488,2020-10-21,39.955
2489,2020-10-22,40.655
2490,2020-10-23,39.765
2491,2020-10-24,39.765
2492,2020-10-25,39.205
2493,2020-10-26,38.635
2494,2020-10-27,38.865
2495,2020-10-28,37.635
2496,2020-10-29,36.155
2497,2020-10-30,35.725
2498,2020-10-31,35.725
2499,2020-11-01,34.015
2500,2020-11-02,37.055
2501,2020-11-03,38.385
2502,2020-11-04,38.96
2503,2020-11-05,38.43
2504,2020-11-06,37.465
2505,2020-11-07,37.465
2506,2020-11-08,37.805
2507,2020-11-09,39.665
2508,2020-11-10,41.655
2509,2020-11-11,41.515
2510,2020-11-12,40.715
2511,2020-11-13,40.135
2512,2020-11-14,40.135
2513,2020-11-15,40.495
2514,2020-11-16,41.395
2515,2020-11-17,41.505
2516,2020-11-18,41.735
2517,2020-11-19,41.675
2518,2020-11-20,42.45
2519,2020-11-21,42.45
2520,2020-11-22,42.475
2521,2020-11-23,43.115
2522,2020-11-24,44.805
2523,2020-11-25,45.755
2524,2020-11-26,44.97
2525,2020-11-27,45.52
2526,2020-11-28,45.52
2527,2020-11-29,45.175
2528,2020-11-30,45.175
2529,2020-12-01,44.145
2530,2020-12-02,44.885
2531,2020-12-03,45.695
2532,2020-12-04,46.09
2533,2020-12-05,46.09
2534,2020-12-06,46.065
2535,2020-12-07,45.625
2536,2020-12-08,45.555
2537,2020-12-09,45.685
2538,2020-12-10,47.085
2539,2020-12-11,46.54
2540,2020-12-12,46.54
2541,2020-12-13,46.665
2542,2020-12-14,46.955
2543,2020-12-15,47.555
2544,2020-12-16,48.585
2545,2020-12-17,48.535
2546,2020-12-18,49.25
2547,2020-12-19,49.25
2548,2020-12-20,48.565
2549,2020-12-21,47.765
2550,2020-12-22,46.845
2551,2020-12-23,48.055
2552,2020-12-24,48.295
2553,2020-12-25,48.295
2554,2020-12-26,48.295
2555,2020-12-27,47.875
2556,2020-12-28,47.785
2557,2020-12-29,48.095
2558,2020-12-30,48.385
2559,2020-12-31,48.455
2560,2021-01-01,48.455
2561,2021-01-02,48.455
2562,2021-01-03,48.435
2563,2021-01-04,47.405
2564,2021-01-05,49.775
2565,2021-01-06,50.465
2566,2021-01-07,50.925
2567,2021-01-08,52.725
2568,2021-01-09,52.725
2569,2021-01-10,52.32
2570,2021-01-11,52.895
2571,2021-01-13,52.775
2572,2021-01-15,52.215
2573,2021-01-18,53.145
2574,2021-01-19,53.165
2575,2021-01-20,52.955
2576,2021-01-21,53.005
2577,2021-01-22,51.99
2578,2021-01-23,51.99
2579,2021-01-24,52.625
2580,2021-01-25,52.855
2581,2021-01-26,52.775
2582,2021-01-27,52.415
2583,2021-01-28,52.225
2584,2021-01-29,52.145
2585,2021-01-30,52.145
2586,2021-01-31,51.975
2587,2021-02-01,53.585
2588,2021-02-02,54.955
2589,2021-02-03,55.875
2590,2021-02-04,56.535
2591,2021-02-05,57.07
2592,2021-02-06,57.07
2593,2021-02-07,57.395
2594,2021-02-08,58.045
2595,2021-02-09,58.385
2596,2021-02-10,58.325
2597,2021-02-11,57.955
2598,2021-02-12,59.695
2599,2021-02-13,59.695
2600,2021-02-14,60.345
2601,2021-02-15,60.095
2602,2021-02-16,59.985
2603,2021-02-17,61.725
2604,2021-02-18,59.745
2605,2021-02-19,59.01
2606,2021-02-20,59.01
2607,2021-02-21,59.65
2608,2021-02-22,61.635
2609,2021-02-23,61.235
2610,2021-02-24,63.535
2611,2021-02-25,63.465
2612,2021-02-26,61.625
2613,2021-02-27,61.625
2614,2021-02-28,62.495
2615,2021-03-01,60.26
2616,2021-03-02,59.425
2617,2021-03-03,60.73
2618,2021-03-04,64.215
2619,2021-03-05,66.285
2620,2021-03-06,66.285
2621,2021-03-07,67.145
2622,2021-03-08,64.88
2623,2021-03-09,63.945
2624,2021-03-10,64.675
2625,2021-03-11,65.905
2626,2021-03-12,65.57
2627,2021-03-13,65.57
2628,2021-03-14,65.955
2629,2021-03-15,65.335
2630,2021-03-16,64.915
2631,2021-03-17,64.565
2632,2021-03-18,59.82
2633,2021-03-19,61.5
2634,2021-03-20,61.5
2635,2021-03-21,60.905
2636,2021-03-22,61.285
2637,2021-03-23,57.565
2638,2021-03-24,60.625
2639,2021-03-25,58.775
2640,2021-03-26,60.735
2641,2021-03-27,60.735
2642,2021-03-28,60.71
2643,2021-03-29,62.115
2644,2021-03-30,60.365
2645,2021-03-31,59.495
2646,2021-04-01,61.265
2647,2021-04-02,61.265
2648,2021-04-03,61.265
2649,2021-04-04,61.22
2650,2021-04-05,59.025
2651,2021-04-06,59.205
2652,2021-04-07,59.555
2653,2021-04-08,59.815
2654,2021-04-09,59.345
2655,2021-04-10,59.345
2656,2021-04-11,59.5
2657,2021-04-12,59.815
2658,2021-04-13,60.605
2659,2021-04-14,62.845
2660,2021-04-15,63.455
2661,2021-04-16,63.12
2662,2021-04-17,63.12
2663,2021-04-18,62.86
2664,2021-04-19,63.59
2665,2021-04-20,62.455
2666,2021-04-21,61.035
2667,2021-04-22,61.92
2668,2021-04-23,62.055
2669,2021-04-24,62.055
2670,2021-04-25,62.075
2671,2021-04-26,61.995
2672,2021-04-27,63.085
2673,2021-04-28,63.745
2674,2021-04-29,64.925
2675,2021-04-30,63.485
2676,2021-05-01,63.485
2677,2021-05-02,63.63
2678,2021-05-03,64.615
2679,2021-05-04,66.255
2680,2021-05-05,65.155
2681,2021-05-06,64.935
2682,2021-05-07,64.83
2683,2021-05-08,64.83
2684,2021-05-09,65.345
2685,2021-05-10,64.875
2686,2021-05-11,65.415
2687,2021-05-12,65.595
2688,2021-05-13,63.755
2689,2021-05-14,65.515
2690,2021-05-15,65.515
2691,2021-05-16,65.585
2692,2021-05-17,66.275
2693,2021-05-18,65.28
2694,2021-05-19,63.38
2695,2021-05-20,62.07
2696,2021-05-21,63.865
2697,2021-05-22,63.865
2698,2021-05-23,63.76
2699,2021-05-24,66.095
2700,2021-05-25,66.015
2701,2021-05-26,66.105
2702,2021-05-27,67.205
2703,2021-05-28,66.645
2704,2021-05-29,66.645
2705,2021-05-30,66.575
2706,2021-05-31,66.96
2707,2021-06-01,67.815
2708,2021-06-02,68.75
2709,2021-06-03,68.865
2710,2021-06-04,69.38
2711,2021-06-05,69.38
2712,2021-06-06,69.575
2713,2021-06-07,69.115
2714,2021-06-08,70.035
2715,2021-06-09,69.715
2716,2021-06-10,70.145
2717,2021-06-11,70.81
2718,2021-06-12,70.81
2719,2021-06-13,71.005
2720,2021-06-14,71.06
2721,2021-06-15,72.425
2722,2021-06-16,71.475
2723,2021-06-17,70.735
2724,2021-06-18,71.11
2725,2021-06-19,71.11
2726,2021-06-20,71.565
2727,2021-06-21,72.935
2728,2021-06-22,72.945
2729,2021-06-23,73.225
2730,2021-06-24,73.255
2731,2021-06-25,74.0
2732,2021-06-26,74.0
2733,2021-06-27,74.055
2734,2021-06-28,72.745
2735,2021-06-29,73.375
2736,2021-06-30,73.585
2737,2021-07-01,75.035
2738,2021-07-02,75.145
2739,2021-07-03,75.145
2740,2021-07-04,75.23
2741,2021-07-05,76.235
2742,2021-07-06,73.675
2743,2021-07-07,72.235
2744,2021-07-08,73.16
2745,2021-07-09,74.64
2746,2021-07-10,74.64
2747,2021-07-11,74.795
2748,2021-07-12,74.135
2749,2021-07-13,75.135
2750,2021-07-14,72.805
2751,2021-07-15,71.14
2752,2021-07-16,71.19
2753,2021-07-17,71.19
2754,2021-07-18,71.305
2755,2021-07-19,66.665
2756,2021-07-20,66.675
2757,2021-07-21,70.245
2758,2021-07-22,71.755
2759,2021-07-23,72.185
2760,2021-07-24,72.185
2761,2021-07-25,72.315
2762,2021-07-26,72.185
2763,2021-07-27,71.965
2764,2021-07-28,72.43
2765,2021-07-29,73.4
2766,2021-07-30,73.79
2767,2021-07-31,73.79
2768,2021-08-01,73.825
2769,2021-08-02,71.445
2770,2021-08-03,70.445
2771,2021-08-04,68.045
2772,2021-08-05,69.135
2773,2021-08-06,67.855
2774,2021-08-07,67.855
2775,2021-08-08,66.995
2776,2021-08-09,66.975
2777,2021-08-10,68.42
2778,2021-08-11,69.335
2779,2021-08-12,68.855
2780,2021-08-13,68.035
2781,2021-08-14,68.035
2782,2021-08-15,68.17
2783,2021-08-16,67.5
2784,2021-08-17,66.42
2785,2021-08-18,64.48
2786,2021-08-19,63.75
2787,2021-08-20,61.855
2788,2021-08-21,61.855
2789,2021-08-22,62.215
2790,2021-08-23,65.605
2791,2021-08-24,67.595
2792,2021-08-25,67.995
2793,2021-08-26,67.885
2794,2021-08-27,68.665
2795,2021-08-28,68.665
2796,2021-08-29,69.26
2797,2021-08-30,69.16
2798,2021-08-31,68.455
2799,2021-09-01,68.185
2800,2021-09-02,69.765
2801,2021-09-03,69.095
2802,2021-09-04,69.095
2803,2021-09-05,68.96
2804,2021-09-06,68.725
2805,2021-09-07,68.405
2806,2021-09-08,69.295
2807,2021-09-09,67.905
2808,2021-09-10,69.69
2809,2021-09-11,69.69
2810,2021-09-12,69.995
2811,2021-09-13,70.645
2812,2021-09-14,70.735
2813,2021-09-15,72.67
2814,2021-09-16,72.415
2815,2021-09-17,71.8
2816,2021-09-18,71.8
2817,2021-09-19,71.58
2818,2021-09-20,70.48
2819,2021-09-21,70.775
2820,2021-09-22,71.995
2821,2021-09-23,73.265
2822,2021-09-24,73.965
2823,2021-09-25,73.965
2824,2021-09-26,74.545
2825,2021-09-27,75.335
2826,2021-09-28,74.465
2827,2021-09-29,74.66
2828,2021-09-30,75.255
2829,2021-10-01,75.825
2830,2021-10-02,75.825
2831,2021-10-03,75.875
2832,2021-10-04,77.65
2833,2021-10-05,79.16
2834,2021-10-06,77.045
2835,2021-10-07,78.825
2836,2021-10-08,79.6
2837,2021-10-09,79.6
2838,2021-10-10,79.88
2839,2021-10-11,80.395
2840,2021-10-12,80.4
2841,2021-10-13,80.695
2842,2021-10-14,81.525
2843,2021-10-15,81.98
2844,2021-10-16,81.98
2845,2021-10-17,82.265
2846,2021-10-18,81.585
2847,2021-10-19,82.415
2848,2021-10-20,83.635
2849,2021-10-21,82.425
2850,2021-10-22,83.985
2851,2021-10-23,83.985
2852,2021-10-24,84.025
2853,2021-10-25,83.625
2854,2021-10-26,84.255
2855,2021-10-27,82.155
2856,2021-10-28,82.895
2857,2021-10-29,83.225
2858,2021-10-30,83.225
2859,2021-10-31,83.0
2860,2021-11-01,83.875
2861,2021-11-02,82.925
2862,2021-11-03,80.36
2863,2021-11-04,79.765
2864,2021-11-05,81.18
2865,2021-11-06,81.18
2866,2021-11-07,81.53
2867,2021-11-08,82.05
2868,2021-11-09,84.635
2869,2021-11-10,81.625
2870,2021-11-11,81.35
2871,2021-11-12,80.685
2872,2021-11-13,80.685
2873,2021-11-14,81.02
2874,2021-11-15,80.82
2875,2021-11-16,80.48
2876,2021-11-17,77.525
2877,2021-11-18,78.295
2878,2021-11-19,75.69
2879,2021-11-20,75.69
2880,2021-11-21,75.55
2881,2021-11-22,76.405
2882,2021-11-23,78.235
2883,2021-11-24,78.37
2884,2021-11-25,77.405
2885,2021-11-26,68.145
2886,2021-11-27,68.145
2887,2021-11-28,71.39
2888,2021-11-29,70.875
2889,2021-11-30,66.955
2890,2021-12-01,66.255
2891,2021-12-02,67.35
2892,2021-12-03,66.27
2893,2021-12-04,66.27
2894,2021-12-05,67.54
2895,2021-12-06,69.77
2896,2021-12-07,71.845
2897,2021-12-08,72.585
2898,2021-12-09,70.535
2899,2021-12-10,71.975
2900,2021-12-11,71.975
2901,2021-12-12,72.525
2902,2021-12-13,71.265
2903,2021-12-14,70.33
2904,2021-12-15,71.6
2905,2021-12-16,71.68
2906,2021-12-17,70.105
2907,2021-12-18,70.105
2908,2021-12-19,69.28
2909,2021-12-20,69.235
2910,2021-12-21,71.26
2911,2021-12-22,73.075
2912,2021-12-23,73.735
2913,2021-12-24,73.735
2914,2021-12-25,73.735
2915,2021-12-26,73.335
2916,2021-12-27,75.815
2917,2021-12-28,76.13
2918,2021-12-29,76.545
2919,2021-12-30,76.345
2920,2021-12-31,75.55
2921,2022-01-01,75.55
2922,2022-01-02,75.81
2923,2022-01-03,75.985
2924,2022-01-04,77.03
2925,2022-01-05,77.155
2926,2022-01-06,79.505
2927,2022-01-07,78.955
2928,2022-01-08,78.955
2929,2022-01-09,78.565
2930,2022-01-10,78.575
2931,2022-01-11,81.285
2932,2022-01-12,82.745
2933,2022-01-13,81.785
2934,2022-01-14,84.31
2935,2022-01-15,84.31
2936,2022-01-16,84.47
2937,2022-01-17,84.23
2938,2022-01-18,86.095
2939,2022-01-19,85.005
2940,2022-01-20,84.075
2941,2022-01-21,84.815
2942,2022-01-22,84.815
2943,2022-01-23,85.845
2944,2022-01-24,84.195
2945,2022-01-25,85.345
2946,2022-01-26,87.36
2947,2022-01-27,87.355
2948,2022-01-28,87.3
2949,2022-01-29,87.3
2950,2022-01-30,87.755
2951,2022-01-31,88.405
2952,2022-02-01,88.345
2953,2022-02-02,87.615
2954,2022-02-03,90.15
2955,2022-02-04,91.955
2956,2022-02-05,91.955
2957,2022-02-06,91.825
2958,2022-02-07,91.415
2959,2022-02-08,89.855
2960,2022-02-09,90.035
2961,2022-02-10,89.95
2962,2022-02-11,93.95
2963,2022-02-12,93.95
2964,2022-02-13,94.375
2965,2022-02-14,94.825
2966,2022-02-15,92.485
2967,2022-02-16,91.255
2968,2022-02-17,91.6
2969,2022-02-18,90.73
2970,2022-02-19,90.73
2971,2022-02-20,91.62
2972,2022-02-21,92.64
2973,2022-02-22,91.7
2974,2022-02-23,92.78
2975,2022-02-24,94.72
2976,2022-02-25,91.945
2977,2022-02-26,91.945
2978,2022-02-27,96.765
2979,2022-02-28,95.98
2980,2022-03-01,106.375
2981,2022-03-02,110.76
2982,2022-03-03,109.235
2983,2022-03-04,115.02
2984,2022-03-05,115.02
2985,2022-03-06,126.865
2986,2022-03-07,120.99
2987,2022-03-08,125.405
2988,2022-03-09,110.71
2989,2022-03-10,107.505
2990,2022-03-11,109.05
2991,2022-03-12,109.05
2992,2022-03-13,107.2
2993,2022-03-14,101.32
2994,2022-03-15,95.9
2995,2022-03-16,96.055
2996,2022-03-17,103.32
2997,2022-03-18,103.275
2998,2022-03-19,103.275
2999,2022-03-20,104.775
3000,2022-03-21,111.86
3001,2022-03-22,108.51
3002,2022-03-23,114.71
3003,2022-03-24,112.03
3004,2022-03-25,112.615
3005,2022-03-26,112.615
3006,2022-03-27,110.995
3007,2022-03-28,103.94
3008,2022-03-29,106.48
3009,2022-03-30,107.415
3010,2022-03-31,101.05
3011,2022-04-01,99.22
3012,2022-04-02,99.22
3013,2022-04-03,98.555
3014,2022-04-04,104.72
3015,2022-04-05,104.87
3016,2022-04-06,97.82
3017,2022-04-07,96.655
3018,2022-04-08,97.975
3019,2022-04-09,97.975
3020,2022-04-10,97.9
3021,2022-04-11,95.055
3022,2022-04-12,101.535
3023,2022-04-13,103.82
3024,2022-04-14,106.46
3025,2022-04-15,106.46
3026,2022-04-16,106.46
3027,2022-04-17,108.04
3028,2022-04-18,107.475
3029,2022-04-19,102.7
3030,2022-04-20,102.16
3031,2022-04-21,103.585
3032,2022-04-22,101.44
3033,2022-04-23,101.44
3034,2022-04-24,100.55
3035,2022-04-25,98.73
3036,2022-04-26,101.745
3037,2022-04-27,101.87
3038,2022-04-28,104.995
3039,2022-04-29,104.3
3040,2022-04-30,104.3
3041,2022-05-01,104.485
3042,2022-05-02,105.26
3043,2022-05-03,103.455
3044,2022-05-04,107.94
3045,2022-05-05,108.9
3046,2022-05-06,110.565
3047,2022-05-07,110.565
3048,2022-05-08,109.1
3049,2022-05-09,102.65
3050,2022-05-10,99.29
3051,2022-05-11,105.685
3052,2022-05-12,106.72
3053,2022-05-13,110.205
3054,2022-05-14,110.205
3055,2022-05-15,111.25
3056,2022-05-16,114.125
3057,2022-05-17,114.12
3058,2022-05-18,106.72
3059,2022-05-19,109.08
3060,2022-05-20,110.32
3061,2022-05-21,110.32
3062,2022-05-22,109.725
3063,2022-05-23,109.82
3064,2022-05-24,110.52
3065,2022-05-25,110.855
3066,2022-05-26,114.11
3067,2022-05-27,115.06
3068,2022-05-28,115.06
3069,2022-05-29,115.275
3070,2022-05-30,117.425
3071,2022-05-31,115.15
3072,2022-06-01,113.345
3073,2022-06-02,117.24
3074,2022-06-03,120.305
3075,2022-06-04,120.305
3076,2022-06-05,120.415
3077,2022-06-06,118.865
3078,2022-06-07,119.57
3079,2022-06-08,122.405
3080,2022-06-09,121.175
3081,2022-06-10,120.565
3082,2022-06-11,120.565
3083,2022-06-12,118.915
3084,2022-06-13,120.81
3085,2022-06-14,118.58
3086,2022-06-15,116.165
3087,2022-06-16,116.88
3088,2022-06-17,108.81
3089,2022-06-18,108.81
3090,2022-06-19,109.235
3091,2022-06-20,108.995
3092,2022-06-21,109.14
3093,2022-06-22,104.385
3094,2022-06-23,104.435
3095,2022-06-24,107.13
3096,2022-06-25,107.13
3097,2022-06-26,106.445
3098,2022-06-27,110.065
3099,2022-06-28,111.91
3100,2022-06-29,109.68
3101,2022-06-30,105.9
3102,2022-07-01,108.435
3103,2022-07-02,108.435
3104,2022-07-03,108.44
3105,2022-07-04,110.54
3106,2022-07-05,100.72
3107,2022-07-06,98.225
3108,2022-07-07,102.44
3109,2022-07-08,104.795
3110,2022-07-09,104.795
3111,2022-07-10,103.18
3112,2022-07-11,102.815
3113,2022-07-12,95.705
3114,2022-07-13,96.005
3115,2022-07-14,96.42
3116,2022-07-15,97.44
3117,2022-07-16,97.44
3118,2022-07-17,97.405
3119,2022-07-18,98.91
3120,2022-07-19,100.395
3121,2022-07-20,99.655
3122,2022-07-21,96.505
3123,2022-07-22,95.105
3124,2022-07-23,95.105
3125,2022-07-24,95.105
3126,2022-07-25,95.105
3127,2022-07-26,95.105
3128,2022-07-27,95.105
3129,2022-07-28,95.105
3130,2022-07-29,95.105
3131,2022-07-30,95.105
3132,2022-07-31,98.315
3133,2022-08-01,98.315
3134,2022-08-02,98.315
3135,2022-08-03,98.315
3136,2022-08-04,98.315
3137,2022-08-05,98.315
3138,2022-08-06,89.945
3139,2022-08-07,88.505
3140,2022-08-08,88.505
3141,2022-08-09,88.505
3142,2022-08-10,91.36
3143,2022-08-11,93.98
3144,2022-08-12,91.875
3145,2022-08-13,91.875
3146,2022-08-14,91.69
3147,2022-08-15,88.325
3148,2022-08-16,86.95
3149,2022-08-17,87.61
3150,2022-08-18,90.515
3151,2022-08-19,89.625
3152,2022-08-20,89.625
3153,2022-08-21,89.4
3154,2022-08-22,90.68
3155,2022-08-23,93.695
3156,2022-08-24,95.245
3157,2022-08-25,92.985
3158,2022-08-26,92.98
3159,2022-08-27,92.98
3160,2022-08-28,92.82
3161,2022-08-29,96.77
3162,2022-08-30,92.2
3163,2022-08-31,89.14
3164,2022-09-01,86.41
3165,2022-09-02,87.215
3166,2022-09-03,87.215
3167,2022-09-04,88.0
3168,2022-09-05,89.16
3169,2022-09-06,86.87
3170,2022-09-07,81.88
3171,2022-09-08,82.95
3172,2022-09-09,86.09
3173,2022-09-10,86.09
3174,2022-09-11,86.47
3175,2022-09-12,87.97
3176,2022-09-13,87.65
3177,2022-09-14,89.09
3178,2022-09-15,84.685
3179,2022-09-16,85.005
3180,2022-09-17,85.005
3181,2022-09-18,85.375
3182,2022-09-19,85.26
3183,2022-09-20,83.965
3184,2022-09-21,82.805
3185,2022-09-22,83.51
3186,2022-09-23,79.375
3187,2022-09-24,79.375
3188,2022-09-25,79.44
3189,2022-09-26,76.56
3190,2022-09-27,78.43
3191,2022-09-28,81.78
3192,2022-09-29,81.61
3193,2022-09-30,79.705
3194,2022-10-01,79.705
3195,2022-10-02,82.03
3196,2022-10-03,83.32
3197,2022-10-04,86.325
3198,2022-10-05,87.995
3199,2022-10-06,89.03
3200,2022-10-07,93.235
3201,2022-10-08,93.235
3202,2022-10-09,92.43
3203,2022-10-10,90.955
3204,2022-10-11,88.655
3205,2022-10-12,87.175
3206,2022-10-13,89.155
3207,2022-10-14,85.59
3208,2022-10-15,85.59
3209,2022-10-16,86.22
3210,2022-10-17,85.845
3211,2022-10-18,82.64
3212,2022-10-19,84.695
3213,2022-10-20,84.57
3214,2022-10-21,85.125
3215,2022-10-22,85.125
3216,2022-10-23,85.37
3217,2022-10-24,84.95
3218,2022-10-25,84.9
3219,2022-10-26,88.22
3220,2022-10-27,88.565
3221,2022-10-28,88.365
3222,2022-10-29,88.365
3223,2022-10-30,88.405
3224,2022-10-31,86.165
3225,2022-11-01,88.68
3226,2022-11-02,88.95
3227,2022-11-03,88.055
3228,2022-11-04,92.58
3229,2022-11-05,92.58
3230,2022-11-06,90.68
3231,2022-11-07,91.925
3232,2022-11-08,89.03
3233,2022-11-09,85.8
3234,2022-11-10,86.36
3235,2022-11-11,88.88
3236,2022-11-12,88.88
3237,2022-11-13,89.72
3238,2022-11-14,85.295
3239,2022-11-15,87.315
3240,2022-11-16,85.235
3241,2022-11-17,81.85
3242,2022-11-18,80.255
3243,2022-11-19,80.255
3244,2022-11-20,80.225
3245,2022-11-21,80.33
3246,2022-11-22,81.31
3247,2022-11-23,77.525
3248,2022-11-24,77.95
3249,2022-11-25,76.545
3250,2022-11-26,76.545
3251,2022-11-27,76.07
3252,2022-11-28,76.53
3253,2022-11-29,78.74
3254,2022-11-30,80.56
3255,2022-12-01,81.315
3256,2022-12-02,80.3
3257,2022-12-03,80.3
3258,2022-12-04,81.15
3259,2022-12-05,77.415
3260,2022-12-06,74.475
3261,2022-12-07,72.56
3262,2022-12-08,72.055
3263,2022-12-09,71.535
3264,2022-12-10,71.535
3265,2022-12-11,71.89
3266,2022-12-12,73.425
3267,2022-12-13,75.16
3268,2022-12-14,77.255
3269,2022-12-15,76.215
3270,2022-12-16,74.65
3271,2022-12-17,74.65
3272,2022-12-18,75.12
3273,2022-12-19,75.88
3274,2022-12-20,76.17
3275,2022-12-21,78.47
3276,2022-12-22,78.43
3277,2022-12-23,79.35
3278,2022-12-24,79.35
3279,2022-12-25,79.35
3280,2022-12-26,80.945
3281,2022-12-27,79.75
3282,2022-12-28,78.595
3283,2022-12-29,78.605
3284,2022-12-30,80.465
3285,2022-12-31,80.465
